Open,High,Low,Close,Volume,Market Cap
90.46,96.42,88.15,94.31,3247150970,5923434071
95.41,95.48,89.44,90.62,2700924026,5690513769
99.56,100.25,92.30,95.42,2693989249,5990269582
100.51,101.47,96.95,99.63,2829054215,6253213998
98.46,104.61,97.71,100.61,3771308934,6313476233
101.08,101.18,95.72,98.40,3983990085,6173653347
89.69,103.15,87.45,101.09,4890332056,6340559063
79.41,93.05,77.50,89.81,4616360556,5632042532
90.90,92.06,77.50,79.50,3703346636,4984318767
89.86,92.63,85.68,90.92,3570361793,5699307530
101.11,101.68,88.81,89.77,3717531246,5625773339
105.29,105.59,98.01,101.02,3353538171,6329505235
102.83,106.36,101.21,105.30,3611846208,6595612500
108.57,108.57,97.28,102.64,4633853162,6427725958
119.50,120.10,103.82,108.50,4699511838,6792744022
123.25,124.17,118.23,119.43,3785641025,7475393728
120.28,125.08,118.60,123.29,3803750017,7714781783
118.03,120.33,117.64,120.32,3348662401,7527688155
118.38,121.29,117.33,117.82,3484378308,7369730846
119.84,120.65,117.15,118.35,4110868217,7401137488
122.50,126.67,119.05,119.98,4564200301,7501164315
119.33,123.74,118.37,122.56,4529682890,7661188686
122.56,123.29,112.65,119.24,4761878443,7451762463
122.11,126.02,114.22,122.58,5034162436,7658690466
133.72,136.26,120.44,122.25,5525273220,7636046758
120.16,135.74,116.22,133.66,5745785825,8347117542
114.41,122.02,113.47,120.15,4683311766,7501601230
131.22,132.04,110.67,114.40,5588611122,7141234400
136.48,138.32,128.94,131.27,5565887285,8191677323
135.58,138.12,130.89,136.49,4411092400,8515726713
136.92,138.69,132.83,135.53,3907725105,8454028780
141.95,142.56,136.32,136.88,3998980168,8536077179
139.04,146.43,138.48,141.90,5488615002,8847068564
135.51,141.07,135.51,138.88,4378260963,8656823083
136.60,137.08,132.64,135.48,3880682308,8442646197
135.15,139.34,134.03,136.60,4383960510,8510498678
134.47,135.92,129.75,135.16,3720828769,8418405570
137.13,137.28,133.05,134.44,3230230843,8371507504
138.15,138.79,134.54,137.12,4372645801,8536706967
133.18,139.19,133.14,138.13,4329002013,8597209351
131.31,133.18,126.86,133.05,4352005824,8279439669
135.68,136.89,129.14,131.35,4947794845,8171623427
136.09,142.71,132.24,135.65,5855623530,8437276930
129.26,138.15,125.96,136.03,5441787587,8458730745
115.00,129.71,113.17,129.07,5449266884,8024339041
118.59,119.13,112.57,115.13,4360301111,7156126160
117.28,119.50,114.46,118.55,4689557936,7366835517
110.98,120.64,109.59,117.37,5140908477,7291832561
103.81,111.33,102.09,111.11,4142250662,6900772772
102.12,104.84,101.22,103.85,3585162872,6448454322
107.37,107.37,99.29,102.09,4316694183,6337614783
114.67,115.91,106.46,107.47,3832352496,6670082970
112.71,116.25,111.91,114.70,3434073037,7117549253
114.47,115.61,111.68,112.62,3807158511,6986544718
108.70,114.63,105.91,114.54,4207966341,7103874448
115.14,119.74,105.30,108.80,4971290022,6746180187
114.93,117.87,110.47,115.08,4122926836,7134213755
117.89,117.89,112.99,114.93,4171886802,7123212215
111.44,120.69,111.13,118.03,6355361291,7313766498
102.70,112.67,99.74,111.42,5168378349,6902346395
100.05,104.11,98.72,102.67,4507357465,6358963965
88.97,102.75,88.32,99.90,5393657682,6185976031
88.20,89.74,85.23,89.18,3208807269,5520439405
91.51,92.00,87.55,88.21,3398528443,5459427424
91.57,92.44,89.59,91.51,3145769021,5662154168
95.34,95.34,88.57,91.49,3566921483,5659972915
86.68,96.54,86.13,95.32,4108852208,5895349549
89.01,89.87,85.80,86.70,3317998478,5360906927
95.63,97.26,84.94,89.00,5319840521,5501612938
101.57,106.21,92.57,95.59,6442000276,5907639439
91.66,103.14,90.82,101.74,5168624436,6286790205
88.05,93.37,87.66,91.62,4930071296,5659766830
84.63,92.37,84.30,88.06,4658762984,5438466608
89.54,93.18,83.82,84.57,5582599422,5221525879
77.16,94.54,77.11,89.22,5491744173,5507753609
74.19,78.72,73.04,77.17,3051537532,4762537746
74.59,75.93,72.99,74.18,2436426305,4576943366
74.65,75.32,73.10,74.62,2532851418,4603102252
74.98,78.01,74.67,74.69,3088433048,4606527091
76.03,76.39,72.33,74.98,2933488799,4623334243
78.00,78.15,75.54,75.98,2650746461,4683927727
79.31,82.02,75.80,78.06,3502670655,4810952019
73.76,80.42,73.44,79.33,3850339792,4887671308
73.68,74.52,73.10,73.78,2903392114,4544823994
74.30,75.42,72.30,73.66,2871792311,4536348667
67.95,74.67,67.95,74.28,3065300354,4573555691
69.78,70.23,67.27,67.96,2532498296,4183425749
72.12,72.48,69.08,69.73,2362638270,4291106337
73.21,73.33,71.99,72.12,2059777054,4437433950
71.36,74.51,70.19,73.12,3041612619,4497581499
73.25,74.51,71.06,71.25,2754712046,4381667236
74.75,75.24,71.36,73.31,3347048436,4507411996
76.85,79.46,74.64,74.85,2920088568,4600847627
77.29,77.89,75.70,76.95,2657300819,4729023682
81.52,81.89,75.02,77.33,2957685726,4751522317
82.55,82.89,80.28,81.51,2422737857,5007238091
82.10,83.19,80.43,82.57,2608961075,5070985398
79.39,83.20,79.31,82.07,2616912436,5039449526
81.35,82.00,79.08,79.33,2060101784,4869545082
79.04,81.84,78.03,81.35,2176907331,4992536056
83.01,83.85,76.98,79.05,2742760721,4850589495
78.20,82.94,76.98,82.94,2328308745,5087597683
78.95,81.10,76.69,78.22,2379257754,4797064869
79.63,80.27,76.44,78.96,2839796022,4841472627
88.39,88.52,76.66,79.68,3461536000,4884140000
86.77,90.35,86.75,88.38,2765900677,5416155738
89.50,89.50,85.01,86.79,2742631078,5317455486
92.33,93.82,87.06,89.49,3295695862,5482058437
92.42,95.39,90.09,92.31,3314848880,5653406711
88.71,96.74,86.31,92.57,3857950929,5667977476
85.04,89.58,84.92,88.68,3512861847,5428143571
85.17,89.34,81.57,84.98,4195622761,5200609305
76.26,97.50,76.01,84.92,6206102119,5195750178
60.70,77.41,60.54,76.19,4161362861,4660552088
60.77,60.99,60.41,60.68,1712538382,3710564698
60.64,60.85,60.21,60.76,1646531872,3714371560
61.25,64.11,60.37,60.62,1698116593,3705312023
61.17,61.53,60.26,61.30,1977436351,3745935357
62.22,62.22,60.75,61.17,1818355774,3737005102
59.41,62.29,59.33,62.25,2220590688,3802058092
59.51,59.65,58.33,59.34,2020400713,3623575890
60.30,60.93,59.00,59.50,2057863894,3632066769
61.24,61.25,59.71,60.22,2041814465,3675521098
59.79,61.71,59.51,61.35,2009701790,3743278484
59.30,60.28,58.89,59.82,1660894830,3649353013
60.87,61.08,58.74,59.38,1766689848,3621232358
60.68,60.96,58.57,60.85,1990264182,3709898340
60.22,60.95,59.75,60.62,1824124623,3694945405
61.28,62.77,59.50,60.26,1971826811,3672726327
61.88,61.99,60.78,61.24,1609232029,3731425001
58.99,62.09,58.99,61.84,1997899601,3767063536
56.54,59.39,56.54,58.99,1824454595,3592290246
55.86,57.76,55.79,56.58,1610293200,3445001358
57.08,57.21,55.43,55.93,1465625295,3404536113
55.41,57.26,53.50,57.00,1666711996,3468475222
57.19,57.85,54.83,55.42,1839260243,3371760953
58.10,58.25,56.59,57.18,1778709344,3478033205
56.00,59.29,56.00,58.09,2145350395,3532242783
57.44,57.65,55.45,56.10,1977538387,3410590890
55.84,59.00,55.08,57.19,2410843754,3475995867
53.02,56.27,52.28,55.78,1998850452,3389799196
46.52,54.02,46.14,53.13,2000300862,3227895751
48.33,48.65,45.85,46.43,1243464082,2820102325
49.02,49.39,48.09,48.38,1102677211,2937680218
47.48,49.64,47.46,49.02,1227656624,2975500410
46.24,48.99,46.15,47.49,1175425172,2882042603
45.62,46.92,45.60,46.24,1119495712,2805515464
45.50,46.14,44.41,45.58,1061879935,2765113387
46.18,46.52,45.09,45.49,1060325373,2758957944
44.58,47.19,44.58,46.21,1212141472,2802048987
51.68,53.42,43.66,44.68,1618048131,2708358746
49.67,51.89,48.67,51.68,1278039837,3132087064
49.13,50.03,48.72,49.81,1213665948,3017677753
51.84,51.84,48.68,49.15,1259734341,2977341432
47.82,52.16,47.41,51.79,1582934318,3136141808
48.14,49.18,47.27,47.86,1417050580,2897971715
43.88,49.22,43.84,48.04,1462180271,2908055843
43.40,44.65,42.91,43.93,1089205822,2658324155
42.76,44.18,42.57,43.59,1017844635,2637500546
41.64,43.68,41.62,42.70,1043820661,2582708735
41.88,42.55,41.27,41.64,997741394,2518031066
43.83,44.51,41.42,42.00,1087815590,2539018995
43.17,44.14,42.54,43.93,1098569294,2655115121
46.88,46.88,42.40,43.18,1229169302,2609389133
44.76,47.09,42.90,46.83,1420578823,2828937241
43.02,45.86,42.27,44.79,1509978243,2705200909
33.24,43.90,33.01,43.46,1721691113,2624516069
32.91,33.59,32.88,33.22,652002936,2005595915
34.35,34.35,32.54,32.93,748545366,1987640111
34.01,34.39,33.78,34.26,708712284,2067028132
33.46,34.43,33.46,34.11,740036504,2057598930
34.43,34.57,33.12,33.44,820461891,2016740848
32.82,34.56,32.73,34.39,829064166,2073872814
31.72,33.45,31.13,32.83,825977656,1978856939
31.89,32.44,31.40,31.65,654137406,1907587556
31.07,32.09,30.86,31.93,694822148,1923945742
31.24,31.46,30.44,31.10,707842400,1873246050
32.52,32.72,30.52,31.20,812860294,1878928921
33.08,33.35,32.08,32.59,678149673,1962484749
32.97,33.95,32.87,33.15,694481467,1995530698
32.82,33.21,32.27,32.98,661476020,1984872676
32.04,33.04,31.43,32.78,614405338,1971999182
31.67,32.39,31.56,32.00,613521888,1924964952
31.21,32.02,30.32,31.68,589374367,1905392084
31.19,31.39,30.96,31.21,531048792,1876573922
32.49,33.35,30.94,31.18,584024741,1873953844
31.48,33.11,31.37,32.55,585789957,1956101651
31.91,31.94,30.96,31.31,566482194,1881176121
31.85,31.95,30.68,31.89,609389197,1915371847
31.44,32.25,31.27,31.82,539347966,1910976281
32.38,32.71,31.08,31.51,527294088,1891520613
30.38,32.73,30.31,32.36,593098938,1942198294
32.40,33.14,30.13,30.33,564244096,1820214944
32.46,32.94,32.03,32.38,491524393,1942860854
33.68,34.10,32.05,32.33,628980637,1938944919
38.99,39.52,33.03,33.87,701124437,2030671878
39.45,40.28,38.90,38.99,504601883,2337068756
37.92,40.95,37.92,39.48,643946959,2366141319
39.28,39.65,37.61,37.81,586891613,2265284886
34.85,39.96,34.78,39.30,809493170,2354185201
32.35,36.14,32.34,34.94,640607603,2092365506
32.02,33.02,31.44,32.40,391010579,1940204515
33.35,33.42,31.59,32.03,345068249,1917129494
32.02,33.79,31.77,33.43,414331918,2000859669
30.46,32.10,30.26,31.98,379429124,1913387274
31.98,32.00,30.16,30.47,367746437,1822504811
31.42,32.38,31.17,31.98,405650440,1912263648
32.56,33.34,31.52,31.57,390868406,1887178390
28.30,33.36,28.30,32.51,486919645,1943259589
30.96,31.36,28.13,28.29,442100051,1690851757
31.09,32.20,29.75,30.99,464721770,1851236647
33.40,33.40,30.45,31.13,508836253,1859663792
33.47,36.56,33.20,33.20,535897387,1982394885
31.99,34.15,31.80,33.46,554317219,1997631552
30.83,31.86,30.33,31.86,419546205,1901410380
32.73,34.28,30.30,30.80,546504526,1837728497
29.60,33.26,29.41,32.82,796645103,1957741036
30.33,31.77,29.45,29.68,505439992,1770286212
29.27,30.14,28.25,30.14,492064386,1797254323
25.68,30.40,25.68,29.27,613385969,1744804499
23.79,26.73,23.78,25.60,424549776,1525579986
23.46,24.12,23.34,23.78,291476162,1417098012
23.65,23.75,22.82,23.46,318851820,1397818608
24.53,24.66,23.61,23.67,328942983,1409664572
23.80,25.25,23.71,24.49,367818943,1458445719
24.60,24.95,23.51,23.80,386533569,1416941471
25.91,26.13,24.50,24.62,423653343,1465168782
24.80,26.91,24.80,25.95,471979152,1543919019
25.13,26.63,23.63,24.86,504751040,1479137860
26.91,26.91,23.00,25.27,519622321,1503108920
29.25,30.41,26.92,26.94,451241301,1602141067
31.22,31.39,29.28,29.30,392132740,1741570136
31.01,32.15,30.39,31.19,398521610,1853542250
33.81,33.81,30.49,31.07,431873524,1846319082
34.26,35.14,33.43,33.71,407318732,2002705712
32.13,35.15,31.51,34.34,428286157,2039473601
33.80,34.25,31.43,32.06,431153649,1903850875
34.72,35.54,33.22,33.80,476701013,2006241775
31.12,35.98,30.97,34.63,573550000,2054986531
29.41,31.35,28.82,31.07,486621000,1843430374
30.87,32.11,28.38,29.41,528902000,1744724141
29.23,31.91,27.07,30.89,573938000,1832205976
32.26,33.15,28.76,29.22,396969000,1732510654
32.02,33.02,31.14,32.16,462932000,1906521506
34.69,34.90,32.20,32.20,468218000,1908210440
33.07,34.67,31.89,34.67,504001000,2054460599
36.57,37.91,31.41,33.04,619356000,1957630541
42.34,42.34,35.97,36.64,571241000,2170262912
42.09,42.98,42.01,42.33,352001000,2506544510
42.49,42.49,41.66,41.93,330818000,2482345521
43.96,43.96,42.09,42.46,411507000,2513114190
43.73,44.24,40.78,43.95,588718000,2600634639
49.58,50.30,41.94,43.61,604639000,2580084189
50.63,50.97,49.26,49.70,356433000,2939427818
51.48,51.68,50.47,50.65,388194000,2994928763
52.32,52.47,50.25,51.36,410262000,3036594687
51.93,52.70,51.84,52.40,322713000,3097146196
52.36,52.72,51.67,51.90,386711000,3066513267
54.19,54.46,52.37,52.37,351857000,3094006430
56.04,56.16,53.71,54.19,385412000,3200474366
53.70,55.95,53.48,55.95,371534000,3259562075
53.59,54.71,53.11,53.55,398133000,3161333292
50.99,55.14,50.82,53.61,441533000,3164416254
51.30,51.36,50.76,50.97,325128000,3007885629
50.34,51.66,50.32,51.33,362726000,3028256022
49.56,51.03,49.42,50.27,321492000,2965093308
49.34,49.94,48.32,49.44,410734000,2915436796
49.00,49.48,48.79,49.24,295448000,2902792751
51.83,52.03,48.65,49.07,373076000,2892215652
52.05,52.17,51.48,51.94,335237000,3060378328
52.13,52.36,51.77,51.93,312308000,3059270071
52.22,52.48,51.73,52.10,292908000,3068345272
52.49,52.51,52.06,52.23,241117000,3075692176
52.46,53.01,52.29,52.52,291042000,3091471495
52.24,52.87,51.94,52.54,278025000,3092294662
52.78,53.11,52.01,52.20,263337000,3071678875
53.43,53.77,52.71,52.92,273510000,3112806425
53.07,53.46,52.80,53.36,258418000,3138354413
52.55,53.60,52.24,53.02,272130000,3117454727
53.72,53.99,52.13,52.53,296411000,3087779466
54.26,54.26,53.09,53.67,295022000,3154277210
54.97,55.48,53.67,54.07,281917000,3176809629
52.17,57.46,51.91,54.88,431765000,3223700518
53.51,53.84,52.03,52.19,242221000,3064779526
53.46,54.28,53.21,53.45,237333000,3138228770
50.87,53.82,50.87,53.55,280891000,3143348329
57.98,57.98,50.99,51.23,343098000,3006484457
58.66,58.66,57.43,57.98,358009000,3401689393
59.45,59.53,58.21,58.71,318545000,3443777362
58.23,59.82,57.48,59.41,347408000,3483963902
57.93,58.36,57.21,58.16,435270000,3409620085
58.88,58.92,57.27,57.84,375900000,3390224024
58.33,59.13,57.67,58.77,371790000,3443401206
57.52,59.05,57.44,58.28,343602000,3414046744
59.58,59.58,57.08,57.48,452464000,3366307855
60.30,61.25,59.41,59.71,444830000,3496006537
61.10,61.73,59.74,60.21,456583000,3524604880
61.63,62.39,60.15,61.14,463002000,3578364984
61.64,62.03,59.49,61.61,356028000,3604639872
63.17,64.42,60.81,61.90,459862000,3620659227
57.45,64.30,56.92,62.98,574277000,3683109446
57.45,59.62,56.70,57.40,294136000,3355751430
58.02,58.15,54.74,57.54,351579000,3363315938
61.34,61.34,57.30,57.97,296366000,3387711672
60.55,63.19,60.00,61.37,304888000,3585375264
60.81,61.71,57.74,60.44,298424000,3530127873
56.78,62.06,56.46,60.72,398550000,3545908289
54.37,57.15,53.64,56.63,260631000,3306309550
54.02,54.92,52.26,54.33,271642000,3171223927
52.29,55.10,51.00,54.10,296552000,3156689623
57.02,57.75,51.85,52.54,261325000,3065033151
56.58,57.37,55.06,56.97,253978000,3322793504
56.34,58.40,56.18,56.71,252020000,3306873163
54.65,58.44,53.32,56.58,336190000,3298089236
51.88,55.05,51.76,54.54,295074000,3178346288
52.39,52.41,47.67,51.66,290357000,3009756629
54.61,54.78,51.08,52.37,272379000,3050454271
54.99,56.07,53.50,54.60,251240000,3179465715
53.27,56.40,52.72,54.92,253320000,3197781808
56.13,57.61,52.58,53.24,223684000,3099244507
57.34,58.12,55.51,56.20,229626000,3270299049
58.32,58.32,54.91,57.49,351270000,3344492650
67.67,68.12,58.44,58.44,409226000,3399043578
65.32,68.98,65.23,67.71,308206000,3937324171
65.82,66.20,64.32,65.37,235034000,3800526797
65.98,66.90,64.33,65.65,265104000,3815602461
61.74,67.25,61.74,65.95,306586000,3832231495
60.42,62.25,59.32,61.93,265252000,3597385669
61.77,62.03,58.92,60.32,219094000,3502972843
63.03,63.39,60.74,61.77,220637000,3586429316
60.23,63.40,59.62,63.02,246764000,3658481636
57.26,60.42,56.93,60.25,228072000,3496598714
58.05,58.11,56.24,57.33,206572000,3326564888
57.92,58.21,57.37,57.91,187571000,3359063830
57.60,58.28,55.95,57.93,194676000,3359443513
55.19,57.81,54.39,57.54,205125000,3336208361
56.66,59.01,54.38,55.32,228893000,3206435040
53.77,56.80,53.77,56.35,187486000,3265411241
57.91,58.55,53.98,54.00,244192000,3128235978
57.22,58.74,56.54,57.94,204484000,3355770259
61.56,62.03,55.80,57.28,243057000,3316534145
55.33,61.51,55.19,61.51,263383000,3561007625
54.54,57.43,54.51,55.36,211779000,3204120259
54.68,58.95,54.30,54.50,282699000,3153513508
57.00,57.05,51.16,54.56,250440000,3156149907
59.48,60.60,56.31,56.85,223061000,3287753598
58.22,61.71,57.96,59.33,276383000,3430379427
59.49,59.80,55.67,58.36,259948000,3373620431
63.98,64.93,58.86,59.39,259781000,3432695951
62.47,65.58,61.30,63.98,270095000,3696931039
68.16,68.16,62.14,62.49,313187000,3609827136
74.00,75.23,68.13,68.17,299418000,3936927335
75.06,76.59,72.79,73.89,265134000,4265995090
73.38,75.00,72.69,74.59,265627000,4305369689
77.42,77.82,72.76,73.20,262765000,4224004698
76.30,77.57,74.47,77.54,298295000,4473145660
77.71,78.54,75.61,76.14,285466000,4391532340
80.39,80.73,76.40,77.86,301530000,4489424993
82.69,82.94,76.81,79.70,319362000,4594971658
84.15,84.71,80.60,82.85,313998000,4775334189
84.05,85.21,83.38,84.08,276696000,4845428837
84.54,84.63,82.83,83.62,279804992,4817687941
83.73,85.22,82.04,84.46,358798016,4864859011
86.28,88.02,83.19,84.03,286579008,4838652756
88.66,89.92,85.41,86.28,310156992,4967065514
82.68,89.29,81.93,89.29,440572992,5138587102
83.23,86.05,82.31,82.43,296071008,4742939001
84.26,84.63,82.87,83.16,245916992,4783253313
82.66,85.25,80.67,84.46,246152992,4857361115
86.68,86.68,82.42,82.75,287448000,4757974241
86.90,88.83,85.79,86.67,307785984,4981759675
89.82,93.65,86.03,86.96,375428992,4997438569
84.30,90.31,83.00,89.81,341836000,5159554161
78.96,84.60,78.21,84.60,307904000,4858950162
76.70,79.65,76.02,78.94,230467008,4532784609
76.97,77.54,76.18,76.72,197776000,4404338246
77.29,78.43,76.11,76.94,256038000,4415840363
78.59,78.59,75.31,76.81,267396992,4407032324
76.13,80.80,76.07,78.70,284915008,4514447288
80.78,80.88,75.38,76.08,321614016,4363305676
82.54,83.26,80.75,80.86,263326000,4636050015
86.26,86.68,82.18,82.40,239655008,4722977524
83.40,86.20,80.70,86.20,238936992,4939834011
83.84,84.60,81.32,83.38,253160000,4776762278
85.65,86.67,82.54,83.76,306121984,4797418574
85.17,89.12,84.02,85.49,282222016,4895597691
85.39,89.28,84.73,85.10,343900992,4871976744
80.27,86.27,78.69,85.26,302471008,4879760110
81.50,81.61,78.36,80.24,343401984,4591723093
78.95,83.24,78.95,81.37,276550016,4655306527
74.81,80.18,73.17,78.77,309339008,4505043163
80.63,81.04,74.44,74.93,263414000,4284330181
76.93,81.34,75.86,80.66,274128000,4610879160
81.82,82.50,76.85,76.87,258432992,4393058423
80.37,86.07,79.02,81.83,458366016,4675821027
82.74,83.39,74.29,80.78,449884992,4614286500
85.09,86.36,81.64,82.60,439203008,4717454160
96.94,97.12,81.40,85.08,458636992,4857442768
97.88,98.87,96.36,96.93,261544000,5532658033
98.96,99.20,95.97,97.99,261392000,5592175727
98.73,100.82,97.40,98.84,284982016,5638967092
95.77,99.81,93.91,98.82,282937984,5636516739
97.72,98.66,95.53,96.10,242331008,5480226337
96.58,98.35,93.97,97.58,259324992,5562876559
101.11,101.11,95.60,96.68,293284992,5510142475
93.99,102.42,93.61,101.15,367742016,5764020026
100.80,100.95,91.29,94.08,360492992,5359361892
107.43,108.06,99.37,100.75,333163008,5738282059
106.54,108.85,104.12,107.52,331430016,6121874767
117.56,117.56,104.08,107.04,399889984,6093573160
120.11,121.03,117.74,117.74,242235008,6700860850
121.52,121.95,118.71,120.08,285831008,6832464151
121.34,123.18,119.62,121.43,365670016,6907065820
121.89,122.14,118.56,121.18,324158016,6891340696
119.90,122.01,116.44,121.70,300892000,6918872000
125.21,126.33,118.73,119.90,299780992,6814722748
123.29,127.37,122.37,125.50,322787008,7130994474
119.83,123.89,118.96,123.31,310800000,7004694349
118.03,120.20,117.12,119.92,290886016,6810365343
117.32,120.59,116.64,118.07,297183008,6704155892
119.54,122.38,116.02,117.53,305275008,6671786966
111.84,121.96,110.90,119.57,350520000,6785779703
117.93,119.08,111.48,111.60,295723008,6331861061
118.50,118.85,116.99,117.99,258727008,6692969134
119.35,122.25,117.87,118.28,275851008,6707450005
122.56,124.20,117.82,119.44,297743008,6771922223
119.19,124.37,115.89,122.61,345857984,6950014204
128.81,129.33,117.35,119.31,373329984,6761219902
134.26,135.60,128.33,128.68,294447008,7289726772
139.64,139.64,133.93,134.51,308376992,7618147582
135.27,140.32,133.79,139.70,324983008,7910023833
135.96,137.50,133.87,135.32,310963008,7660047420
132.70,137.05,129.70,136.06,371688000,7699946952
139.56,141.17,131.95,132.77,320248992,7512142011
139.65,140.65,135.28,139.27,351689984,7877577804
147.49,149.38,138.57,139.88,415984992,7910044417
144.62,152.15,136.07,147.71,584222016,8350939002
141.80,147.25,137.65,144.59,383224000,8172151736
137.26,144.42,132.59,141.88,410184992,8016973264
149.45,149.45,134.73,137.12,530416000,7745751348
157.15,160.34,149.34,149.87,426694016,8463834937
159.62,159.62,152.60,157.05,448136000,8867315508
164.83,167.98,158.16,159.62,466308992,9009611517
171.76,171.92,158.93,164.88,573281024,9304214739
178.02,182.88,166.18,171.80,626270016,9692232318
168.35,181.63,168.35,177.76,741246016,10025761273
160.47,170.38,157.94,168.79,633054976,9516919409
151.86,164.00,151.01,161.46,617984000,9101264231
148.45,152.89,146.98,151.58,354656992,8542044175
148.34,148.54,143.94,148.49,342152000,8365945726
153.65,154.08,147.87,148.48,341396992,8363095109
152.16,155.62,148.90,153.63,388081984,8650921305
145.74,153.33,145.74,152.30,337116992,8573467173
153.44,153.62,145.90,145.90,386742016,8211418534
144.70,153.82,142.64,153.68,412436992,8646685578
165.09,165.09,142.59,144.76,613467008,8142994938
152.57,165.94,152.57,165.78,643558016,9323040641
146.67,152.77,146.67,152.25,376060000,8559830144
148.61,152.23,145.31,146.77,338735008,8249632683
155.68,156.61,142.18,148.93,482924000,8368621973
146.50,155.72,143.84,155.54,491945984,8737234629
140.04,146.87,138.96,146.30,408736000,8216206205
132.38,140.85,132.38,140.00,381161984,7860031849
128.71,139.65,128.71,132.93,532336000,7461107435
131.97,132.63,125.24,128.34,290855008,7201443158
126.67,132.04,126.67,132.04,274427008,7407732783
125.22,129.34,124.77,126.29,258806000,7083109035
129.27,133.04,124.06,125.35,458040000,7028553368
118.29,129.34,113.55,129.34,587510976,7249888005
114.29,119.09,113.33,118.29,230068992,6628996616
115.21,115.40,112.52,114.26,202879008,6401817412
117.78,122.43,113.32,114.99,260171008,6440841467
116.29,118.55,115.95,117.67,194664000,6589392072
113.14,119.38,113.10,116.26,211470000,6508657630
118.82,119.93,112.79,113.15,233190000,6333258411
118.21,121.29,114.47,119.13,294022016,6665917788
133.91,134.61,116.58,118.41,380351008,6623848143
119.51,136.45,118.58,134.47,375408992,7520099456
115.24,121.42,114.72,119.31,271703008,6670329213
116.90,117.83,110.52,115.22,274182016,6440292739
118.64,123.87,116.18,116.61,295439008,6515946056
114.80,124.90,110.26,118.60,468439008,6625396575
131.93,132.61,113.93,114.68,476804000,6404746988
135.49,140.13,131.03,131.75,328374016,7356010690
148.96,149.62,135.78,135.78,385104000,7579179651
160.16,160.99,143.12,149.22,407135008,8327233976
158.86,162.72,157.52,160.08,241431008,8931055242
168.53,168.65,159.63,159.63,290270016,8903292216
163.58,167.83,157.26,167.83,348056000,9358153821
168.72,172.31,161.11,163.67,404996992,9124249896
169.56,175.26,166.62,169.05,462536000,9421555108
161.52,173.30,156.82,168.82,492892000,9405993910
155.48,163.05,151.66,161.14,504832992,8976121254
152.54,156.15,138.02,154.07,595955008,8580189410
165.19,165.22,151.06,152.97,403808992,8516500296
164.82,171.26,158.99,165.45,436628000,9208968693
161.20,167.33,151.48,164.48,564609024,9152161117
175.94,177.55,158.63,161.10,480652992,8962106001
177.60,181.87,172.26,175.78,468094016,9776393862
189.02,193.34,175.88,178.23,567628992,9909960606
177.51,193.48,172.47,188.95,669377984,10502793498
188.11,194.65,176.54,177.73,625808000,9876881425
176.48,189.91,160.43,187.17,943363968,10398444427
185.70,188.15,176.17,176.51,612508992,9804070597
196.83,199.27,175.65,185.84,755924992,10319459551
210.51,210.51,193.16,196.60,661078016,10914025494
213.74,215.98,209.25,211.18,594828992,11719782021
210.24,214.12,205.36,213.80,574675008,11862048436
213.84,217.76,209.54,210.64,681865984,11683955341
209.55,213.13,204.88,212.56,627142016,11786864287
203.12,214.70,201.54,209.75,678542016,11628116966
217.28,223.51,202.71,202.90,761321984,11245167904
221.71,224.21,215.84,216.60,856454016,12001557417
222.14,234.42,218.74,220.96,1297080064,12240119979
208.13,225.55,202.37,220.48,1028590016,12209956904
210.64,220.31,197.88,209.42,937312000,11594912515
194.19,216.13,184.07,209.31,1065680000,11585694405
212.84,222.77,191.81,195.31,974379008,10807770154
230.95,235.41,208.93,213.35,1195820032,11803114422
223.09,253.90,222.51,232.85,1739670016,12878414402
215.41,226.97,215.38,223.06,767596992,12333459061
230.51,232.64,214.46,215.74,1011120000,11925650529
229.50,233.45,225.60,229.46,863401024,12681138421
225.50,236.09,212.33,230.12,1300089984,12714036456
212.35,237.88,211.17,225.43,2087289984,12451226607
159.58,218.23,159.58,213.36,2383340032,11781584374
161.77,162.37,153.51,159.55,483468000,8808187849
150.10,163.35,150.10,161.57,535710016,8916808662
155.39,155.73,142.61,148.99,495720000,8220569162
163.49,169.33,149.14,155.59,576328000,8582616174
149.73,163.98,142.59,163.95,722204992,9041364283
138.34,151.08,138.34,149.47,869206976,8240405570
142.48,157.90,131.52,138.20,817808000,7617284052
127.52,146.11,106.94,142.99,1148409984,7879137720
148.73,153.52,118.15,125.33,844678016,6903938802
160.38,173.80,139.69,148.02,1006080000,8151908186
131.40,165.55,121.17,160.25,687676032,8822761363
142.56,142.56,105.35,131.38,815539968,7231180059
163.68,165.81,131.55,142.30,539880000,7830131933
165.30,167.07,157.65,163.35,363292992,8986099109
181.45,181.52,163.03,165.28,433227008,9089747498
193.75,194.39,179.23,181.66,303560992,9988197030
181.42,194.68,181.42,193.87,363515008,10656038484
176.66,183.15,174.88,180.89,291632992,9940021814
179.82,182.89,167.08,176.73,375476992,9709025118
181.56,185.42,176.35,180.27,363137984,9900458587
178.43,186.28,173.72,179.99,375948992,9882205701
180.28,186.31,165.73,177.81,441764992,9759876577
191.79,195.25,166.88,180.01,494091008,9878115975
211.24,211.24,184.64,190.42,463516000,10446773723
194.38,214.59,194.38,211.02,540785984,11573785098
191.19,202.07,186.94,192.96,560284032,10580777289
186.95,207.02,176.83,192.84,936784000,10570969164
190.15,197.79,141.01,186.52,1422489984,10221726464
232.82,232.82,152.29,188.33,1405069952,10318360404
237.29,245.00,232.77,232.77,601769984,12749749658
260.58,270.85,234.27,238.68,886414976,13069624172
236.88,263.20,236.88,259.19,961043008,14189082270
229.79,243.59,224.82,236.86,691160000,12962893955
251.52,255.05,223.00,229.37,1079389952,12549854307
248.07,251.05,233.86,250.52,1009910016,13703530794
254.61,258.50,240.18,247.04,940825024,13509671202
287.73,289.07,237.66,255.76,1182080000,13983422101
296.05,305.53,281.93,288.45,1055400000,15766532096
249.77,323.11,249.41,296.45,2264740096,16200057346
241.03,256.15,237.88,249.27,1710599936,13618156609
245.48,245.48,227.01,241.37,3481550080,13183094320
255.70,260.74,243.13,245.37,3215280128,13397610073
228.99,263.63,228.99,255.68,1237949952,13957197179
231.67,236.63,222.20,229.03,633142016,12499214454
216.98,237.79,213.81,232.10,771041984,12663194467
245.09,245.43,208.20,218.96,943667008,11943513791
250.35,258.04,238.33,245.50,1392210048,13387459289
272.13,273.18,231.38,249.93,2593240064,13625185918
286.59,290.94,264.42,272.17,777137984,14833811828
273.11,289.51,272.26,286.50,842993024,15610545231
277.49,286.79,269.57,273.39,804377024,14891746902
291.01,291.01,251.04,275.98,1122909952,15028955417
269.27,312.67,261.64,288.27,1352579968,15693563723
319.26,320.30,187.48,264.93,2938040064,14419250802
314.66,339.74,299.53,317.46,1555939968,17273490963
349.60,349.60,308.63,314.62,2104060032,17114472564
359.13,375.29,335.67,350.25,2150479872,19047802998
318.95,360.93,302.00,358.34,1966599936,19482623741
301.78,332.59,301.78,318.72,1703580032,17323822452
299.34,309.90,290.13,298.97,1291379968,16245954060
280.97,316.41,251.22,299.78,2599940096,16284702205
301.20,311.32,265.66,279.33,2114880000,15169467973
315.36,341.80,287.48,302.60,3409789952,16428650865
212.46,341.72,209.68,316.16,6961679872,17159753614
148.26,225.29,147.34,214.20,2913979904,11622977831
155.63,155.63,130.16,148.66,1087340032,8063839922
127.48,171.55,126.59,155.24,2436539904,8417983192
98.33,133.07,95.40,124.85,1515559936,6767649865
99.98,101.34,92.27,98.29,645691008,5325979410
102.48,104.82,97.31,100.35,547512000,5435639653
104.28,104.30,101.84,102.40,328726016,5544450235
101.40,104.24,96.53,104.24,331151008,5642170447
100.19,106.39,98.10,101.26,364022016,5479554408
98.94,103.79,98.32,100.28,402553984,5425172171
88.00,100.41,83.74,99.00,561342976,5354697600
86.25,93.54,78.08,88.33,481948000,4776295620
96.01,104.61,81.77,85.57,786819968,4625810651
91.72,96.03,90.34,96.03,388931008,5189729757
85.89,93.29,85.89,91.60,429591008,4948735851
88.94,88.94,84.02,85.93,357456992,4640580647
77.91,89.37,77.52,88.82,487896992,4795225155
73.14,77.97,72.81,77.97,287392000,4208440987
71.98,76.40,70.90,73.22,315247008,3951301844
70.18,71.95,70.18,71.89,157890000,3878507510
72.20,72.53,68.11,70.03,231664992,3776954172
71.41,72.92,70.79,72.25,188976000,3895876984
69.51,72.98,68.60,71.59,243056992,3858885781
67.41,69.77,65.71,69.64,174063008,3752808798
70.45,71.12,65.78,67.57,350504992,3639939202
63.81,72.48,62.94,71.06,418128992,3827031146
62.78,65.52,62.71,63.82,194636000,3436473712
61.64,63.81,60.87,62.68,174111008,3374059000
59.18,62.76,58.85,61.40,237478000,3304148265
62.31,62.31,57.41,59.01,322820000,3174662071
59.35,63.71,59.24,62.30,272494016,3350986565
64.44,65.90,56.91,59.26,291596000,3186381939
62.49,66.84,61.73,64.27,279652992,3454692871
61.11,64.07,60.79,62.57,349454016,3362586560
54.99,63.81,54.99,61.30,402670016,3293059021
54.76,56.17,53.95,55.17,133918000,2963390868
55.03,55.48,54.63,54.75,84302000,2939687734
56.22,56.37,54.94,55.04,83633104,2954562413
54.58,56.29,54.28,56.18,150030000,3015087608
53.56,55.28,50.85,54.74,221076992,2936796129
55.74,55.74,53.18,53.18,112759000,2852614515
56.37,56.79,55.72,55.75,99381104,2989858627
56.84,58.55,56.24,56.39,129287000,3023193804
54.67,57.75,54.49,57.11,138340000,3060676463
55.38,56.13,54.57,54.69,71063200,2930569300
55.67,56.25,55.15,55.33,78923104,2963913613
56.47,57.15,55.28,55.74,81104704,2984809327
55.95,56.58,54.09,56.49,114510000,3024524457
54.96,59.10,53.29,55.96,199788992,2995287986
56.77,56.77,52.87,54.92,177315008,2938685570
58.27,58.65,56.44,56.81,96781400,3038822573
60.30,60.52,56.83,58.20,139503008,3112605047
59.81,61.88,58.56,60.33,150542000,3225577482
60.82,61.29,58.71,59.74,160943008,3193124743
59.59,61.75,53.79,60.73,283868992,3245232732
64.67,64.70,58.85,59.48,205363008,3177462298
65.72,66.34,62.69,64.62,200428000,3451297832
64.13,70.09,62.55,65.47,453940000,3495462090
59.41,66.19,58.60,63.95,313105984,3413379168
60.55,60.96,55.84,59.43,357124000,3171116142
50.89,60.11,50.87,60.11,341368992,3206464408
50.75,51.14,50.32,50.89,57390100,2713909626
50.15,51.67,49.86,50.72,90415504,2704130908
53.08,53.39,48.47,50.16,152366000,2673983611
52.49,54.51,52.26,53.14,100841000,2832001431
52.14,52.75,51.64,52.58,51786200,2801457684
51.64,52.60,51.53,52.12,59355900,2775993787
51.40,51.87,50.44,51.67,69594400,2751241080
52.28,53.05,50.83,51.40,77473400,2736160242
53.39,53.59,51.59,52.35,88516096,2785938781
54.55,54.78,53.26,53.38,95474600,2839774397
55.14,55.16,53.63,54.54,100183000,2901076714
52.63,55.23,52.62,55.14,131446000,2932074835
54.11,54.16,50.42,52.62,186560000,2797277252
56.21,56.67,53.41,54.09,202008992,2874185280
51.58,56.54,51.58,56.28,220363008,2990132970
51.69,53.70,51.08,51.55,173663008,2737818455
47.62,52.44,47.57,51.58,208640992,2738822452
49.25,49.27,47.52,47.62,82147104,2527746379
48.16,49.79,46.69,49.27,142072992,2614760414
46.65,49.09,45.19,48.09,218134000,2551351872
51.66,52.31,45.67,46.61,229363008,2471892746
52.74,53.83,51.25,51.73,160252000,2743090712
55.68,55.88,51.05,52.84,286583008,2800667554
48.53,55.61,48.53,55.53,408675008,2942496799
48.23,49.88,45.12,48.49,245262000,2568944479
48.13,52.83,46.46,48.26,562278016,2555926415
41.69,50.65,32.03,48.21,1554339968,2552770743
61.64,62.43,41.25,41.58,749713984,2201222135
64.32,64.60,58.93,61.73,501521984,3266612281
66.24,70.25,63.86,64.23,481217984,3398168751
61.65,67.23,61.37,66.04,412076000,3492778154
65.80,65.95,57.06,61.61,529848000,3257755734
67.21,69.55,64.01,66.01,467895008,3489300921
78.45,80.13,63.83,67.79,930673024,3582709924
79.88,81.06,75.59,78.48,526828992,4146294754
71.78,80.64,71.51,80.11,830718016,4231165242
65.25,72.44,59.05,71.29,1016089984,3764198423
76.73,76.73,61.24,65.21,922041024,3441750071
78.98,82.83,73.61,76.84,675462016,4054990308
85.83,92.07,72.23,79.02,1363990016,4168935431
70.86,87.41,70.01,86.04,1551740032,4537751620
64.16,72.28,64.04,71.06,633147008,3746359355
63.16,64.21,60.90,64.17,240308992,3382337004
62.39,63.29,61.26,63.17,294799008,3328402346
61.36,64.92,59.87,62.36,556636992,3284548362
51.80,64.44,51.64,61.16,890545984,3220428680
51.17,52.26,50.45,51.75,126024000,2724082507
50.17,52.13,49.84,51.18,157619008,2693138536
52.82,53.28,50.19,50.19,391342016,2640188253
46.71,54.78,46.48,53.25,447188000,2800477716
47.90,47.90,45.48,46.73,163104000,2456801454
46.19,48.75,45.62,47.94,207172000,2519583624
45.38,47.55,44.75,46.23,138850000,2429290296
47.05,47.08,43.78,45.48,155404000,2389136366
43.90,47.86,43.59,47.28,293350016,2483120186
44.18,44.83,43.78,43.91,104020000,2305686993
43.37,45.06,42.57,44.15,120765000,2316550874
45.81,45.84,42.29,43.31,206080992,2272230662
45.83,46.51,45.43,45.80,114402000,2403048692
46.57,48.07,44.33,45.81,242564992,2402845047
47.05,47.62,46.29,46.43,142064992,2434695721
46.40,47.33,46.40,47.10,137644000,2468915571
48.05,48.51,46.50,46.50,121661000,2436800274
48.59,50.23,47.16,48.01,253103008,2515337793
45.90,49.37,45.79,48.63,205564992,2547114358
45.17,46.48,45.12,45.80,106560000,2397858442
46.85,47.30,45.10,45.10,147891008,2360943929
43.49,46.92,43.48,46.86,248320000,2452225533
42.89,43.71,42.82,43.45,114810000,2273186518
42.19,43.17,42.13,42.86,95497600,2241762848
43.07,43.21,42.07,42.13,103557000,2203009838
43.02,43.77,41.08,43.04,203656000,2249631448
40.34,44.03,38.95,43.02,240820992,2248288103
41.18,41.82,40.06,40.42,75746704,2111806255
40.56,41.34,38.74,41.12,109945000,2147368302
42.22,42.47,35.94,40.61,137556000,2120556595
42.35,42.62,41.39,42.14,81714000,2199530365
42.29,42.70,40.63,42.23,121389000,2203577730
44.48,44.79,41.07,42.24,206307008,2203568415
44.16,44.81,43.29,44.41,158532000,2315840404
46.63,46.64,42.94,44.06,219256992,2296964811
45.77,46.80,45.45,46.56,132333000,2426674809
45.07,47.45,44.52,45.76,286020000,2384504334
40.96,45.45,40.96,45.02,354801984,2344827631
44.35,44.42,40.56,40.86,246376992,2127931181
42.62,45.33,41.47,44.30,380816000,2306211599
41.19,43.07,40.17,42.67,355036000,2220519768
38.92,41.97,36.38,40.91,393366016,2128387551
42.81,42.81,37.78,38.92,327332000,2024299012
46.36,46.48,40.80,42.80,320419008,2225420765
48.72,49.05,45.39,46.33,229104992,2408038312
45.26,49.07,44.07,48.75,369964000,2533260184
46.27,47.39,43.65,45.33,400044992,2354858332
49.91,50.53,44.74,46.58,373252992,2418908416
52.36,53.31,49.53,49.58,409244000,2574185219
46.64,52.75,44.67,52.14,604987008,2706260958
51.10,51.14,45.63,46.58,553712000,2416847285
53.20,53.20,50.12,51.13,461148992,2652393637
55.27,56.03,50.60,53.19,790609024,2758632586
46.56,55.42,46.56,55.33,1101750016,2868712774
41.48,48.40,40.97,46.43,729937984,2406133732
38.95,43.27,37.80,41.57,315630016,2153776659
40.40,40.58,38.47,38.99,225507008,2019589047
41.04,41.75,40.17,40.35,251184000,2089790095
42.83,42.83,40.35,41.07,300131008,2126019668
40.82,43.61,39.18,42.85,353444000,2217715824
41.13,41.39,36.20,40.54,565265024,2097663118
44.04,44.35,37.55,41.13,538072000,2127619780
44.49,46.22,43.05,43.92,354372000,2271527610
47.25,47.44,44.01,44.49,321214016,2300237511
47.75,48.42,47.27,47.34,284270016,2446591286
47.72,48.85,45.87,47.71,445323008,2465480962
47.30,49.73,44.22,47.79,640054016,2468646452
50.41,51.47,45.75,47.22,612934976,2438536182
46.16,53.55,44.99,50.32,1342360064,2598038245
47.44,47.44,42.43,46.04,1016220032,2376272925
36.18,49.30,36.18,47.65,1730780032,2458295326
30.28,35.70,29.55,35.70,515972992,1841437408
30.22,30.37,27.31,30.22,314502016,1558335943
30.74,32.06,29.32,30.22,278323008,1558146224
29.49,30.64,29.33,30.64,150455008,1579263281
33.23,33.23,27.80,29.50,372663008,1520019062
30.50,33.56,30.16,33.22,406217984,1710731870
29.68,30.59,29.66,30.44,202679008,1567381713
30.19,30.59,29.62,29.68,176840992,1527922168
28.38,30.34,27.88,30.21,229004992,1554899463
30.57,30.68,28.37,28.39,264596992,1461052337
30.84,31.33,29.26,30.55,321099008,1571642192
28.09,30.99,28.09,30.84,366900992,1586278857
27.65,27.94,26.95,27.94,204435008,1436512587
29.04,29.17,26.63,27.66,290556000,1421817787
28.90,29.89,27.74,28.94,332251008,1487366316
25.34,29.62,25.30,28.80,420472992,1479645992
24.29,25.57,23.18,25.30,298675008,1299159067
25.32,26.13,24.03,24.14,216944000,1239464943
24.32,25.69,23.28,25.21,219796000,1293996451
24.01,26.07,22.11,24.22,377039008,1242756137
23.40,25.43,20.10,23.74,505424000,1217527311
30.33,31.32,22.56,23.75,484254016,1217869995
34.47,36.21,28.87,29.90,687651008,1532898259
32.12,35.16,31.71,34.45,196292000,1765854146
25.30,32.11,24.93,32.11,216875008,1645417818
26.14,27.50,23.27,25.38,164828992,1300136201
27.48,28.74,25.73,26.30,104882000,1346703403
27.68,28.16,27.20,27.51,59065000,1408135490
28.29,28.41,26.78,27.70,96923800,1417518093
25.17,29.01,25.12,28.36,115830000,1450914686
23.24,25.95,20.80,25.40,141118000,1299438423
25.34,25.34,22.81,23.33,136875008,1192913432
28.89,28.93,25.19,25.37,97147904,1296726956
29.09,30.45,27.79,28.89,67853200,1476620318
27.22,28.91,25.52,28.91,83564400,1477122967
30.93,31.68,27.37,27.45,110569000,1402203624
32.66,32.91,28.03,30.72,206136992,1568331565
33.30,37.33,31.22,31.96,410465984,1631357006
28.96,33.76,24.49,33.58,251516992,1713609764
30.37,30.74,27.33,28.96,132650000,1477190573
28.20,31.37,28.20,30.29,187718000,1544713042
26.47,28.59,25.49,28.16,108083000,1435575548
23.47,27.85,23.42,26.27,218948992,1338680275
21.04,25.69,20.86,23.39,242912000,1191860814
15.88,21.80,15.67,21.04,253440992,1071743437
15.92,16.23,15.15,15.90,38692100,809254702
15.71,16.37,14.88,15.92,66989400,810118725
15.70,16.07,15.47,15.71,43929100,799087301
14.40,15.77,14.36,15.74,45713600,800726755
14.59,14.78,14.06,14.34,41067800,729306971
14.84,15.00,13.47,14.62,76208000,743401962
15.21,15.79,14.56,14.85,71308800,754701192
14.98,15.43,14.24,15.21,56668300,773002033
13.96,14.97,13.33,14.97,60177200,760201117
13.07,14.41,12.95,13.94,198452000,707833525
11.18,13.07,11.11,13.06,158914000,663235620
10.29,11.54,10.16,11.23,99012200,569832266
9.63,10.66,9.59,10.33,55828300,524367323
10.31,10.35,9.59,9.66,55784900,489864408
10.42,10.94,9.97,10.32,83183296,523242304
10.60,11.18,10.39,10.42,104055000,528196466
10.75,10.90,10.67,10.71,24321400,542862719
10.34,11.00,10.20,10.79,47922000,546750078
10.13,10.51,9.68,10.39,61137000,526103441
10.76,10.77,9.93,10.15,64187400,513779944
8.83,11.06,8.83,10.79,159255008,545824242
8.91,9.28,8.66,8.85,50700000,447934139
8.72,9.20,8.19,8.92,74425696,451008790
9.89,10.01,8.43,8.71,90963296,440413412
9.34,10.35,9.33,9.92,58489100,501272917
10.22,10.56,9.19,9.37,94765600,473622780
11.12,11.45,9.66,10.25,194300000,517958248
8.25,11.42,7.96,11.09,217834000,560338330
8.12,8.96,7.53,8.29,129208000,418556788
7.74,8.64,7.24,8.07,114179000,407377516
6.86,7.94,6.65,7.74,88560400,390795465
6.65,6.98,6.31,6.88,57711700,347247822
7.02,7.07,5.85,6.67,98922600,336227385
4.18,7.04,4.15,6.98,191251008,351939333
4.14,4.20,4.09,4.19,8479960,210979437
4.07,4.18,4.06,4.16,4297870,209398408
4.07,4.14,4.04,4.08,5162690,205294094
4.07,4.10,4.03,4.06,3911060,204508541
4.07,4.12,3.97,4.07,7904680,204947911
3.97,4.13,3.94,4.08,12524300,205561869
3.93,4.00,3.92,3.98,3354160,200273945
3.99,4.01,3.89,3.94,5949960,198021517
4.04,4.04,3.98,4.01,4970080,201621298
3.95,4.05,3.89,4.03,4068240,202769043
3.96,4.03,3.90,3.96,6013050,198853053
4.04,4.16,3.86,3.97,12199700,199360039
4.23,4.23,4.04,4.06,11109600,203699159
4.15,4.38,4.10,4.24,12755200,212779672
4.05,4.18,4.00,4.16,6571900,208884338
4.17,4.17,4.01,4.06,7928910,203517141
3.85,4.25,3.83,4.17,22439100,209247492
3.79,3.86,3.78,3.84,3373750,192734982
3.76,3.84,3.75,3.80,3463740,190446085
3.83,3.88,3.73,3.75,7090150,188096028
3.77,3.84,3.76,3.84,3092100,192365805
3.81,3.82,3.75,3.78,4594400,189185841
3.89,3.91,3.80,3.82,5619560,191407739
3.87,3.93,3.86,3.92,4393810,196360997
3.86,3.90,3.84,3.90,2836910,195313683
3.91,3.92,3.86,3.88,3361400,194382285
3.92,4.00,3.90,3.92,7515680,196175905
3.80,4.11,3.78,3.92,9439480,196290700
3.77,3.81,3.76,3.80,4405000,189965827
3.80,3.82,3.76,3.77,4045440,188519643
3.81,3.83,3.80,3.80,3766590,190050516
3.82,3.85,3.80,3.83,2688250,191185638
3.85,3.86,3.81,3.83,3581200,191095953
3.83,3.88,3.82,3.85,6921090,192069643
3.80,3.85,3.80,3.84,4096480,191826642
3.79,3.84,3.78,3.81,4547610,189889068
3.76,3.80,3.76,3.78,4110740,188746827
3.77,3.78,3.75,3.77,3128060,187919323
3.79,3.79,3.74,3.76,2701490,187593272
3.83,3.83,3.78,3.79,3209270,188971684
3.78,3.84,3.77,3.83,4001350,190872607
3.80,3.82,3.78,3.79,3991580,188646305
3.77,3.82,3.76,3.81,2683590,189710832
3.72,3.77,3.71,3.77,3994400,187737973
3.77,3.77,3.70,3.72,4721650,185050282
3.80,3.80,3.75,3.76,2706320,187313756
3.78,3.80,3.77,3.79,3340840,188691480
3.80,3.81,3.70,3.78,7918280,187848135
4.03,4.08,3.71,3.80,21297300,188856895
4.05,4.08,3.97,4.02,7016980,199965754
4.05,4.08,4.04,4.04,6570650,200760049
4.06,4.08,4.04,4.04,4972300,200881367
4.07,4.07,4.02,4.04,4635400,200777192
4.08,4.10,4.02,4.06,6926300,201470796
4.08,4.11,4.04,4.08,8548470,202630541
4.08,4.09,4.02,4.09,5175450,202711223
4.08,4.13,4.03,4.08,7753930,202156361
4.02,4.10,4.02,4.08,15799800,202257334
3.86,4.02,3.86,4.02,10192700,199351481
3.85,3.86,3.84,3.85,2804420,190910291
3.85,3.87,3.84,3.85,3305270,190898187
3.84,3.86,3.81,3.86,5049680,190988507
3.71,3.84,3.71,3.83,5817220,189862991
3.79,3.80,3.69,3.71,6863540,183877336
3.84,3.84,3.78,3.79,2629220,187365782
3.86,3.86,3.82,3.84,2725110,189765618
3.90,3.92,3.82,3.84,2630830,190064917
3.89,3.92,3.89,3.90,2717700,193053346
3.86,3.91,3.84,3.89,3427180,192281661
3.84,3.93,3.81,3.86,4090650,190764055
3.94,3.95,3.78,3.84,4321020,189598850
3.91,3.95,3.85,3.94,4816480,194519766
3.92,3.96,3.87,3.90,8159260,192658075
3.89,3.95,3.88,3.93,9341360,193747582
3.89,3.95,3.87,3.90,3999180,192438807
3.95,3.96,3.80,3.89,7720620,191902491
3.84,4.02,3.78,3.96,13690900,195389834
4.60,4.64,3.80,3.85,21863300,189604833
4.30,4.68,4.29,4.59,15157900,226238984
4.00,4.36,3.93,4.30,11165200,211907900
3.96,4.02,3.90,3.99,11728600,196710013
3.86,3.96,3.61,3.96,14628400,194746308
4.30,4.35,3.84,3.86,11063700,190038395
4.91,4.95,4.23,4.29,19196000,211212252
4.63,4.84,4.63,4.84,13762400,237966484
4.66,4.73,4.56,4.63,10055700,227483921
4.52,4.74,4.48,4.65,14595300,228536448
4.33,4.52,4.33,4.51,11337500,221718275
4.39,4.40,4.29,4.33,9210720,212503138
4.56,4.56,4.29,4.39,11912800,215644689
4.58,4.63,4.51,4.56,9352850,223676935
4.49,4.67,4.49,4.57,10319300,224386448
4.37,4.58,4.33,4.47,9294450,219307108
4.35,4.47,4.28,4.36,7603100,213643935
4.56,4.57,4.22,4.35,11363100,213168342
4.65,4.77,4.42,4.55,19773600,223125158
3.72,4.66,3.71,4.66,15539100,228149363
3.67,3.75,3.66,3.71,3657740,181850994
3.66,3.69,3.65,3.65,2913250,178946727
3.66,3.66,3.64,3.66,2335510,179271873
3.68,3.68,3.65,3.66,2274070,179294513
3.70,3.71,3.66,3.68,1951490,179940572
3.63,3.71,3.61,3.70,2559210,180891699
3.63,3.65,3.61,3.63,1625780,177452394
3.61,3.65,3.60,3.62,2679340,177217751
3.66,3.66,3.59,3.62,2618560,176928995
3.67,3.70,3.65,3.65,1962750,178377518
3.64,3.67,3.62,3.66,2465660,178912649
3.69,3.69,3.63,3.64,1948170,177672525
3.69,3.70,3.64,3.68,2093810,179687726
3.69,3.71,3.68,3.69,1758140,180183369
3.60,3.73,3.60,3.69,2683090,180109547
3.54,3.63,3.51,3.62,2537240,176388678
3.49,3.56,3.49,3.54,3007340,172406582
3.88,3.92,3.33,3.53,11106200,172020407
3.93,3.95,3.90,3.90,1908090,190052287
3.95,3.95,3.91,3.92,1805780,191186224
3.92,3.96,3.92,3.95,2559070,192221835
3.91,3.92,3.89,3.91,1985600,190346608
3.89,3.92,3.88,3.89,1857280,189543678
3.89,3.90,3.87,3.87,2436960,188550246
3.90,3.91,3.88,3.88,1726410,188976866
3.91,3.92,3.88,3.88,1631940,188840590
3.92,3.93,3.88,3.89,1782340,189349048
3.91,3.92,3.89,3.92,2211790,190305090
3.93,3.95,3.89,3.91,2089790,189869691
3.97,3.97,3.92,3.93,2184200,190661739
3.95,3.97,3.91,3.95,2347880,191671917
3.93,3.96,3.92,3.94,1999840,191493664
3.97,3.97,3.90,3.92,2680300,190322156
3.98,3.98,3.94,3.95,2048720,191811705
3.96,4.00,3.94,3.96,2650960,192117402
4.06,4.07,3.94,3.94,3120160,191181641
3.90,4.03,3.90,4.02,4232760,194823409
3.89,3.96,3.86,3.89,3032290,188664991
3.88,3.89,3.86,3.88,2525810,187763726
3.77,3.91,3.69,3.88,3344370,187793621
3.81,3.83,3.75,3.76,2592430,182214528
3.84,3.84,3.80,3.82,2124360,184683452
3.86,3.87,3.81,3.82,2334820,185020476
3.85,3.94,3.81,3.86,2894790,186910333
3.84,3.86,3.82,3.84,2493340,185797751
3.89,3.89,3.79,3.84,2806430,185558516
3.86,3.92,3.84,3.89,2192880,187941022
3.88,3.93,3.85,3.87,2318820,186796717
3.86,3.89,3.82,3.88,3481430,187331688
4.11,4.18,3.81,3.86,5883490,186428794
4.09,4.13,4.05,4.10,3646100,198109559
4.00,4.15,3.99,4.09,4714890,197264086
4.04,4.05,3.98,3.99,3893350,192650974
4.10,4.10,4.02,4.03,4364420,194515844
3.98,4.10,3.97,4.09,5732580,197172900
4.04,4.04,3.95,3.97,4260230,191472767
3.96,4.06,3.96,4.02,6216070,193738394
3.91,3.97,3.90,3.96,5418040,190729860
3.87,3.92,3.87,3.90,3154970,187977543
3.92,3.92,3.87,3.87,2999400,186205733
3.89,3.94,3.89,3.92,3927550,188503414
3.81,3.91,3.80,3.89,3858130,186897442
3.79,3.83,3.76,3.81,2881980,182998023
3.81,3.82,3.77,3.78,2417550,181674024
3.85,3.86,3.78,3.80,2243800,182829267
3.95,4.23,3.83,3.84,1790400,184472061
3.89,3.92,3.86,3.91,1716740,187820567
3.88,3.91,3.88,3.89,2160150,186560093
3.90,3.91,3.87,3.87,1664980,185881497
3.91,3.92,3.89,3.90,2142390,187040774
3.75,3.92,3.75,3.91,3798640,187419177
3.82,3.83,3.76,3.76,3154520,180263887
3.80,3.84,3.79,3.82,2025380,182980637
3.82,3.83,3.78,3.80,1420790,181914089
3.84,3.85,3.81,3.82,1239070,182812939
3.86,3.87,3.84,3.84,1544210,183856524
3.84,3.86,3.83,3.86,1596220,184967981
3.85,3.86,3.83,3.85,1415940,184158504
3.83,3.85,3.83,3.84,1394850,183940961
3.84,3.84,3.82,3.82,1116870,182929230
3.85,3.85,3.83,3.84,1207110,183587392
3.85,3.88,3.82,3.84,1373630,183737744
3.85,3.86,3.84,3.85,1426340,184011016
3.84,3.85,3.82,3.84,2104930,183588352
3.84,3.86,3.83,3.85,1674200,183707883
3.85,3.87,3.83,3.84,1905040,183288012
3.86,3.87,3.84,3.85,1734250,183933209
3.80,3.87,3.80,3.86,2148250,184190314
3.80,3.81,3.78,3.81,1540650,181734767
3.81,3.84,3.80,3.81,2118420,181526027
3.77,3.82,3.76,3.81,1572350,181843127
3.86,3.86,3.77,3.77,1445220,179621930
3.87,3.87,3.76,3.84,3853090,183035891
3.83,3.86,3.82,3.84,2263260,183063990
4.04,4.20,3.82,3.83,1606420,182489373
3.81,4.09,3.81,4.04,1727830,192536111
3.80,3.82,3.80,3.81,1568340,181149424
3.82,3.83,3.80,3.81,1663730,181129367
3.83,3.84,3.80,3.81,1793220,181347917
3.82,3.85,3.82,3.83,1322330,182256300
3.83,3.85,3.81,3.82,2219650,181702836
3.87,3.87,3.79,3.82,2454330,181721781
3.97,3.99,3.85,3.86,2100480,183200109
3.97,3.98,3.96,3.97,661652,188536390
3.98,3.99,3.96,3.97,1450080,188523825
3.97,4.01,3.96,3.99,2425520,189337884
3.99,4.13,3.95,3.97,1988370,188401192
3.98,3.99,3.95,3.97,1699160,188465757
4.02,4.03,3.97,3.98,4245990,188734889
3.89,4.04,3.88,4.01,4834060,190349808
3.83,3.91,3.81,3.89,2484220,184333475
3.84,3.84,3.81,3.82,1984050,181233098
3.80,3.85,3.79,3.83,2241890,181532485
3.81,3.81,3.78,3.80,1678550,179838040
3.77,3.82,3.75,3.80,2315030,180094202
3.74,3.79,3.74,3.76,2610000,177935748
3.74,3.76,3.73,3.74,2380150,176944556
3.82,3.83,3.73,3.74,6505780,176747462
3.80,3.85,3.79,3.83,2392690,180931925
3.86,3.87,3.78,3.80,3206370,179729188
3.93,3.95,3.84,3.86,4425210,182180234
3.66,4.01,3.66,3.93,12154100,185700968
3.62,3.66,3.60,3.66,2685030,172727377
3.62,3.63,3.60,3.62,1321380,170678858
3.61,3.63,3.60,3.62,1642330,170646855
3.61,3.62,3.60,3.60,1433570,170051073
3.60,3.64,3.60,3.61,1645410,170136593
3.65,3.65,3.59,3.60,1830120,169725129
3.59,3.65,3.58,3.64,2302180,171483591
3.65,3.68,3.57,3.58,3314040,168576528
3.72,3.72,3.61,3.65,2655030,171973546
3.71,3.75,3.68,3.71,2473190,174946591
3.74,3.75,3.69,3.71,2025430,174651700
3.72,3.75,3.64,3.74,2374230,176141058
3.76,3.81,3.72,3.72,1656370,175156255
3.78,3.78,3.74,3.76,1878160,176860442
3.77,3.80,3.75,3.79,1379300,178015043
3.76,3.81,3.75,3.78,1335400,177717112
3.72,3.77,3.70,3.76,1371060,176719452
3.74,3.74,3.70,3.73,1162030,175202901
3.71,3.75,3.71,3.75,1593350,176057497
3.64,3.74,3.59,3.72,2875880,174629766
3.87,3.89,3.52,3.64,5039290,170835349
4.06,4.06,3.86,3.86,1991690,181284625
4.08,4.08,3.97,4.01,1921460,188282594
4.08,4.09,4.06,4.06,1388580,190468950
3.97,4.10,3.96,4.08,1744370,191144492
3.97,3.99,3.96,3.97,1728410,185939721
3.96,3.99,3.93,3.96,1847300,185328222
4.04,4.05,3.93,3.97,2545920,185941344
4.07,4.08,4.03,4.03,1535980,188779324
4.06,4.08,4.04,4.07,1839420,190529253
4.04,4.06,4.03,4.06,1568890,189829177
4.13,4.14,4.03,4.04,2677970,188900219
4.13,4.14,4.11,4.12,1422410,192676805
4.15,4.16,4.11,4.13,1908710,192847707
4.15,4.17,4.14,4.15,1563330,193918894
4.20,4.20,4.14,4.15,1577810,193816056
4.14,4.21,4.13,4.19,2155230,195701086
4.15,4.16,4.11,4.13,1378140,192963678
4.15,4.18,4.15,4.16,1668020,194164042
4.14,4.18,4.12,4.15,1663660,193579192
4.16,4.18,4.13,4.14,2215370,193052822
4.09,4.21,4.09,4.15,2734250,193673590
4.12,4.19,4.06,4.09,3282920,190439126
4.12,4.15,4.06,4.10,3039620,191042871
4.24,4.24,3.97,4.16,6256370,193929348
4.12,4.23,4.08,4.22,5033530,196522598
4.50,4.53,3.95,4.11,6277860,191449459
4.46,4.51,4.42,4.47,3238960,207987170
4.56,4.56,4.36,4.45,4707390,207183863
4.27,4.54,4.21,4.54,5062640,211223465
4.66,4.66,4.19,4.25,7659710,197792783
4.28,4.61,4.24,4.59,16646200,213377827
4.19,4.33,4.18,4.26,6987180,197787393
4.08,4.21,4.04,4.19,2864910,194823947
4.10,4.10,4.03,4.06,2211450,188651394
4.14,4.18,4.07,4.10,2867420,190391816
4.05,4.16,4.03,4.12,2749620,191220280
4.24,4.24,3.97,4.07,4480920,189041381
4.27,4.44,3.92,4.23,6057000,196352028
3.85,4.33,3.85,4.28,9364750,198430109
3.92,3.95,3.47,3.85,11138900,178501562
4.83,4.92,3.88,3.91,11522400,181241689
5.27,5.29,4.70,4.82,11984800,223395058
5.63,5.63,5.27,5.29,4154880,245221788
5.56,5.63,5.51,5.59,3760240,259003907
5.60,5.69,5.49,5.56,7878070,257349381
5.67,5.95,5.28,5.59,12383200,258801588
5.25,5.66,5.25,5.66,9930590,261843669
5.22,5.24,5.11,5.24,3917000,242293066
5.31,5.31,5.10,5.20,8488220,240563636
5.41,5.54,5.16,5.29,8668280,244477993
5.07,5.46,5.05,5.33,13753200,246401135
4.88,5.01,4.84,5.01,10294700,231560017
4.75,4.85,4.71,4.84,6975970,223452157
4.78,4.78,4.67,4.69,6438540,216606383
4.77,4.79,4.69,4.75,3507640,219076889
4.95,4.98,4.72,4.77,3881380,220048178
4.81,4.97,4.81,4.96,2993510,228662162
4.80,4.84,4.79,4.81,2257820,221840383
4.86,4.90,4.77,4.81,3214800,221548599
4.72,4.87,4.71,4.86,4061990,223913540
4.74,4.76,4.68,4.72,2121360,217123932
4.65,4.77,4.62,4.74,4577160,218259777
4.69,4.75,4.60,4.65,5187600,214037925
4.63,4.70,4.59,4.67,3805050,214927636
4.69,4.86,4.58,4.61,7351420,212056239
4.51,4.83,4.51,4.70,11564700,216179930
4.09,4.68,4.09,4.50,10821100,206943475
4.05,4.10,4.03,4.08,2530850,187628591
3.95,4.05,3.95,4.05,2765530,185880078
3.96,3.98,3.94,3.95,1742000,181491032
3.92,3.97,3.90,3.97,1868020,182201135
3.96,3.99,3.90,3.93,1849720,180377459
3.88,3.97,3.88,3.95,1938010,181461170
3.82,3.92,3.82,3.88,3638250,178034546
4.00,4.03,3.83,3.83,3380010,175796778
3.98,4.04,3.98,4.00,2377740,183530328
4.00,4.03,3.97,3.98,2663640,182548346
4.06,4.16,3.98,4.01,3632510,183559577
4.01,4.10,3.97,4.06,2096570,186088260
3.93,4.05,3.92,4.01,2444920,183599238
3.86,3.96,3.83,3.93,2624100,179678967
3.88,3.90,3.80,3.86,1798920,176471070
3.82,3.91,3.81,3.88,2458140,177585322
4.06,4.12,3.80,3.82,3688200,174641236
3.94,4.08,3.90,4.06,3120940,185430676
3.94,3.94,3.89,3.94,1783970,179970541
3.82,4.00,3.82,3.95,3278610,180613961
3.72,3.82,3.71,3.82,1899060,174553761
3.74,3.76,3.71,3.71,1702120,169555640
3.74,3.78,3.73,3.75,1716110,171003781
3.68,3.76,3.66,3.74,2363200,170686505
3.71,3.78,3.64,3.68,2667410,167873296
3.66,3.72,3.64,3.71,1911590,168960181
3.81,3.82,3.64,3.66,2502180,166838034
3.79,3.85,3.72,3.81,2467080,173795576
3.88,3.88,3.69,3.79,3952590,172599518
4.05,4.23,3.87,3.89,9435190,177156360
3.80,4.11,3.79,4.05,6717450,184202446
3.62,3.87,3.55,3.81,6605750,173490345
3.35,3.65,3.35,3.63,4502460,165243094
3.32,3.34,3.31,3.33,1383790,151665121
3.35,3.35,3.31,3.32,1569850,150927957
3.28,3.35,3.27,3.35,1688230,152119484
3.29,3.29,3.27,3.28,1638920,148983032
3.25,3.29,3.24,3.29,1333410,149242320
3.26,3.27,3.24,3.24,1317730,147159156
3.28,3.28,3.25,3.26,1211900,147898852
3.28,3.29,3.27,3.27,1155850,148581588
3.24,3.28,3.24,3.28,1404400,148766669
3.25,3.26,3.23,3.24,1190770,146942396
3.26,3.27,3.24,3.24,1295720,146862629
3.24,3.28,3.23,3.26,1305310,147655948
3.23,3.24,3.21,3.24,1061060,146900568
3.22,3.25,3.21,3.23,1417490,146184990
3.22,3.23,3.20,3.22,1224580,145650686
3.24,3.25,3.21,3.22,1352320,145793622
3.26,3.26,3.23,3.25,1150280,146888055
3.26,3.26,3.24,3.26,1088910,147322045
3.25,3.27,3.24,3.25,863788,147078962
3.26,3.27,3.22,3.25,1188610,146984045
3.26,3.27,3.25,3.26,1281200,147483988
3.25,3.28,3.24,3.26,1174830,147408312
3.25,3.26,3.23,3.24,1316230,146360614
3.23,3.27,3.22,3.26,1704440,147087412
3.23,3.28,3.20,3.22,1450290,145343005
3.26,3.28,3.20,3.23,1764730,145609600
3.30,3.30,3.26,3.26,1427140,147265578
3.23,3.32,3.23,3.30,2089890,149001614
3.23,3.24,3.21,3.23,1117430,145662124
3.23,3.24,3.21,3.23,1200290,145548074
3.25,3.25,3.22,3.22,1394180,145309420
3.23,3.25,3.22,3.24,1703040,146080442
3.20,3.24,3.20,3.23,1265140,145667370
3.21,3.21,3.19,3.20,507480,144097530
3.18,3.21,3.18,3.21,926158,144255203
3.17,3.19,3.16,3.18,617579,142981208
3.31,3.31,3.15,3.17,1502010,142551748
3.31,3.32,3.30,3.31,1038460,148686780
3.31,3.32,3.30,3.31,692940,148726141
3.30,3.33,3.29,3.31,747107,148514732
3.31,3.33,3.29,3.30,670283,148364556
3.29,3.32,3.28,3.31,1140930,148492590
3.39,3.39,3.27,3.29,1076560,147670027
3.29,3.40,3.29,3.38,1804450,151865739
3.28,3.29,3.25,3.29,898376,147465689
3.25,3.30,3.24,3.28,1247320,147072987
3.27,3.28,3.23,3.25,918434,145878063
3.22,3.27,3.20,3.27,1057270,146439563
3.19,3.25,3.17,3.22,1010650,144323561
3.25,3.25,3.13,3.19,1689010,142955542
3.32,3.35,3.25,3.25,1459960,145508900
3.36,3.36,3.31,3.32,1812040,148741681
3.43,3.44,3.37,3.37,1469810,150550494
3.45,3.45,3.41,3.43,1133580,153541990
3.44,3.49,3.42,3.45,1431670,154086523
3.41,3.47,3.36,3.44,986849,153848564
3.43,3.45,3.39,3.41,731107,152504035
3.37,3.42,3.32,3.42,1849390,152624340
3.39,3.40,3.33,3.37,1556360,150285617
3.40,3.42,3.32,3.37,1909510,150654791
3.49,3.52,3.38,3.40,2416790,151588515
3.47,3.51,3.43,3.48,2066780,155408222
3.46,3.58,3.40,3.46,3518950,154494927
3.27,3.50,3.26,3.46,3677250,154161953
3.26,3.27,3.23,3.25,1780240,144969129
3.25,3.27,3.23,3.25,1422270,144864866
3.23,3.26,3.20,3.24,1857460,144357019
3.20,3.22,3.18,3.21,1479430,142883821
3.23,3.25,3.17,3.18,1521240,141654638
3.15,3.21,3.15,3.21,1924190,142857614
3.12,3.14,3.11,3.13,1313500,139212762
3.09,3.12,3.08,3.11,1041630,138377005
3.11,3.13,3.07,3.08,1263660,136722154
3.09,3.13,3.08,3.10,1358800,137549499
3.08,3.08,3.05,3.08,1197280,136900626
3.09,3.11,3.06,3.06,964279,135996338
3.11,3.13,3.08,3.09,1168970,137008440
3.15,3.15,3.08,3.10,1394670,137541206
3.17,3.17,3.14,3.14,1211900,139198718
3.06,3.18,3.06,3.16,2059350,140277541
3.09,3.09,3.04,3.05,1406560,135123741
3.09,3.10,3.07,3.08,1279650,136331472
3.07,3.10,3.06,3.08,1502430,136343190
3.10,3.11,3.04,3.05,1450600,135182678
3.12,3.12,3.08,3.08,1298980,136414737
3.14,3.14,3.06,3.11,2555880,137730285
3.29,3.30,3.11,3.12,3075380,138078852
3.16,3.32,3.16,3.29,5341690,145437275
3.13,3.17,3.12,3.15,2926650,139521750
3.19,3.19,3.11,3.13,1940070,138255166
3.11,3.21,3.10,3.18,1806510,140583334
3.08,3.15,3.08,3.10,2384900,137112128
3.23,3.24,3.05,3.08,3589150,135880631
3.38,3.40,3.21,3.22,3665110,142203147
3.01,3.43,2.99,3.39,4438610,149562676
3.05,3.06,2.99,3.02,1626900,133140838
3.02,3.06,2.98,3.05,2304070,134488705
3.09,3.10,3.02,3.03,1905660,133437979
2.97,3.11,2.92,3.09,4170270,136073727
3.46,3.46,3.00,3.00,5117640,132055746
3.47,3.48,3.45,3.47,2044890,152683622
3.49,3.49,3.43,3.48,6745630,153077222
3.55,3.56,3.49,3.49,4566050,153806460
3.53,3.57,3.53,3.56,2931030,156518392
3.56,3.56,3.50,3.54,2462000,155590551
3.57,3.59,3.54,3.56,2934720,156586451
3.60,3.64,3.53,3.57,3277990,156901051
3.45,3.61,3.44,3.60,4560680,158399547
3.47,3.47,3.44,3.45,2208860,151734839
3.49,3.51,3.45,3.47,2104650,152390643
3.48,3.51,3.48,3.50,3309740,153467942
3.50,3.51,3.45,3.48,2406150,152873557
3.52,3.53,3.49,3.50,3020260,153658445
3.48,3.53,3.47,3.51,2791170,153910742
3.46,3.50,3.41,3.48,2667620,152598618
3.51,3.51,3.45,3.46,2202460,151627720
3.47,3.52,3.44,3.50,2161460,153381167
3.48,3.53,3.46,3.47,1647170,151833380
3.42,3.49,3.39,3.48,2048800,152353811
3.64,3.64,3.38,3.42,3880050,149914808
3.65,3.68,3.60,3.62,1628860,158629519
3.59,3.68,3.59,3.64,2530790,159415199
3.43,3.59,3.43,3.58,2274490,156474316
3.46,3.48,3.40,3.42,1366080,149494279
3.55,3.55,3.43,3.46,2244460,151159143
3.74,3.75,3.48,3.54,2853130,154493032
3.77,3.78,3.71,3.72,1480630,162502303
3.75,3.81,3.73,3.76,2642590,164031261
3.70,3.79,3.68,3.74,2244680,163234022
3.84,3.84,3.68,3.70,3628690,161388172
3.62,3.84,3.61,3.83,5124770,167218736
3.64,3.67,3.60,3.61,3011480,157607760
3.60,3.66,3.57,3.63,3218570,158086733
3.84,3.97,3.50,3.61,6201500,157145507
3.67,3.85,3.67,3.84,5086460,167113980
3.67,3.68,3.59,3.66,2538190,159544016
3.68,3.74,3.61,3.67,4506800,159708787
3.65,3.69,3.55,3.69,2744880,160430832
3.45,3.69,3.45,3.65,4210900,158561623
3.53,3.58,3.45,3.47,4063170,151031958
3.37,3.54,3.37,3.52,2664550,153186012
3.38,3.39,3.34,3.36,1333170,146097154
3.35,3.44,3.34,3.38,1943430,146731880
3.43,3.44,3.30,3.34,2452500,145149023
3.63,3.64,3.40,3.43,2841630,149109560
3.66,3.74,3.58,3.62,3339320,157141160
3.53,3.68,3.50,3.67,2720390,159182008
3.58,3.58,3.46,3.52,1691790,152741036
3.60,3.63,3.52,3.58,2780650,155116409
3.35,3.72,3.35,3.61,8700000,156352387
3.11,3.34,3.09,3.34,2877300,144880674
3.13,3.13,3.09,3.11,1510060,134592769
3.14,3.15,3.11,3.12,1389260,135252007
3.16,3.16,3.11,3.14,1070770,135756075
3.12,3.16,3.11,3.15,1057060,136300087
3.14,3.14,3.07,3.12,1698240,134758405
3.19,3.21,3.13,3.13,1448970,135495998
3.20,3.21,3.17,3.19,1425920,137695933
3.19,3.23,3.16,3.20,1607020,138360391
3.07,3.19,3.05,3.19,1578010,137775423
3.20,3.22,3.06,3.07,1750230,132390857
3.22,3.25,3.18,3.19,1293740,137907833
3.27,3.29,3.15,3.23,2247490,139218842
2.97,3.29,2.97,3.28,4133180,141446841
3.12,3.12,2.94,2.97,3648510,128061359
3.40,3.46,3.04,3.12,5565520,134303728
3.43,3.45,3.26,3.40,4195940,146395546
3.62,3.66,3.41,3.42,2399540,147313317
3.55,3.68,3.55,3.60,2638500,155007058
3.95,3.97,3.45,3.55,8761900,152766349
4.20,4.41,3.77,3.96,13017300,170517149
4.58,5.32,4.05,4.23,22553800,182014884
4.17,4.80,4.10,4.59,18600100,197420542
3.98,4.20,3.94,4.16,6302390,179083663
3.82,3.99,3.77,3.96,3801480,170183326
4.08,4.12,3.77,3.80,5425140,163466869
3.77,4.20,3.74,4.06,12206200,174468898
3.10,3.93,3.06,3.78,11455900,162409745
3.10,3.11,3.09,3.10,1433200,133105313
3.11,3.11,3.08,3.09,1102490,132794136
3.07,3.11,3.07,3.10,1119820,133168904
3.11,3.14,3.07,3.07,1656730,131469615
3.11,3.12,3.08,3.10,955111,132885528
3.12,3.13,3.09,3.11,1196600,133341501
3.08,3.14,3.07,3.11,1215290,133429069
3.09,3.12,3.06,3.08,988482,131693024
3.05,3.09,3.05,3.09,1163340,132390759
3.03,3.05,3.01,3.05,1239570,130435394
3.07,3.08,3.00,3.02,1217780,129313854
3.11,3.16,3.04,3.07,2454780,131356974
3.11,3.14,3.09,3.11,1472800,132843984
3.15,3.16,3.10,3.10,1428290,132694493
3.18,3.20,3.10,3.14,1781770,134330329
3.14,3.19,3.11,3.18,1605970,135803629
3.15,3.17,3.13,3.14,1252010,133941140
3.11,3.15,3.08,3.15,1222700,134231126
3.11,3.14,3.09,3.11,1000850,132520745
3.07,3.11,3.06,3.11,978079,132560237
3.06,3.08,3.05,3.06,1137940,130644220
3.15,3.16,3.06,3.06,1695270,130369711
3.02,3.16,3.01,3.15,1972700,134046065
3.02,3.03,2.99,3.02,1277060,128465749
3.03,3.06,3.00,3.01,982441,128350199
3.00,3.04,2.99,3.03,1051760,128973190
3.00,3.02,2.98,2.99,1132180,127360317
3.01,3.05,2.96,3.00,1644010,127686323
2.97,3.05,2.97,3.01,1371090,127981295
3.10,3.17,2.97,2.97,2896120,126245099
2.88,3.08,2.88,3.07,2604270,130570525
2.89,2.90,2.87,2.87,748001,121956212
2.89,2.90,2.87,2.89,531617,122583595
2.93,2.95,2.89,2.89,959962,122796369
2.87,2.95,2.87,2.93,1328450,124331168
2.86,2.90,2.85,2.87,901921,121555730
2.80,2.88,2.80,2.84,1442340,120626204
2.85,2.86,2.80,2.80,1027230,118658299
2.88,2.88,2.83,2.85,989389,120624329
2.95,2.96,2.86,2.87,897801,121733859
2.91,3.01,2.90,2.96,1572740,125223443
2.81,2.93,2.80,2.91,1626720,123039606
2.83,2.85,2.77,2.80,1192860,118619620
2.84,2.93,2.82,2.82,918109,119432753
2.81,2.86,2.78,2.84,1135730,120298572
2.82,2.85,2.77,2.82,1328080,119039669
2.96,2.97,2.82,2.83,1517440,119404665
2.95,2.98,2.94,2.96,1251460,124941552
2.92,2.97,2.89,2.95,1420320,124556370
3.05,3.05,2.91,2.92,2298470,123438211
3.05,3.13,3.01,3.05,2566300,128602744
3.04,3.10,2.99,3.05,2254530,128492846
2.92,3.12,2.90,3.05,4281360,128537982
2.70,2.94,2.66,2.92,2666820,123074699
2.64,2.72,2.63,2.70,1441530,113825968
2.80,2.80,2.58,2.63,2210590,110922367
2.82,2.83,2.76,2.80,2423010,117720412
2.85,2.88,2.81,2.82,1376040,118709338
2.85,2.86,2.79,2.84,1752920,119593696
2.87,2.91,2.76,2.85,1497480,119818261
2.92,2.95,2.82,2.88,1706060,120962813
2.84,2.96,2.71,2.91,4186540,122175739
2.95,2.99,2.84,2.87,1936130,120446140
2.95,3.04,2.84,2.95,4551630,123788367
2.98,3.05,2.54,2.94,11404300,123359200
3.39,3.39,2.97,2.99,7278630,125697355
3.51,3.54,3.35,3.39,2066020,142380571
3.56,3.59,3.46,3.51,1913720,147179914
3.60,3.64,3.55,3.57,1720630,149335695
3.47,3.62,3.47,3.61,2882900,150905680
3.48,3.62,3.36,3.48,5742670,145478986
3.98,4.00,3.44,3.47,3464380,145035996
3.96,4.03,3.94,3.98,2289060,166412043
3.93,3.99,3.89,3.95,3197720,164973939
4.02,4.04,3.92,3.93,2016290,163748446
3.88,4.07,3.86,4.03,3157170,167838473
3.97,3.97,3.84,3.88,2409030,161650155
4.14,4.16,3.97,3.99,3519900,165915122
3.95,4.16,3.94,4.16,3426300,173045227
3.90,3.98,3.90,3.95,2239890,164169989
3.84,3.98,3.81,3.90,3064680,161969691
4.22,4.22,3.84,3.85,4917730,160042129
4.06,4.22,3.97,4.21,4192810,174598425
4.35,4.36,4.02,4.06,3879570,168529187
4.37,4.43,4.30,4.35,2565020,180198668
4.18,4.47,4.18,4.38,4323960,181264735
4.17,4.37,4.04,4.16,5494590,172210239
4.09,4.20,3.86,4.17,6950580,172610028
4.64,4.64,4.07,4.15,6284530,171588048
4.58,4.77,4.51,4.64,4640650,191604921
4.79,4.79,4.51,4.58,5420630,188865531
5.05,5.10,4.72,4.80,6609040,197797602
4.67,5.14,4.65,5.06,10629300,208405880
4.68,4.74,4.59,4.67,5164400,192321753
4.63,4.75,4.44,4.66,7946990,191810924
4.60,4.88,4.47,4.63,10288900,190428800
3.79,4.73,3.76,4.60,14874300,189050588
3.83,3.85,3.76,3.78,2177740,155356221
3.78,3.84,3.68,3.82,2892200,156852118
3.93,4.01,3.77,3.77,4431730,154382448
3.77,3.94,3.73,3.94,4242190,161331556
4.00,4.07,3.66,3.77,4693260,154157208
3.78,4.23,3.78,4.00,8471440,163706198
3.72,3.93,3.55,3.79,9454510,154811814
4.20,4.27,3.30,3.69,17295300,150740904
4.65,4.72,4.14,4.21,7539760,172044272
4.68,4.89,4.48,4.65,5418730,189699025
5.30,5.30,4.32,4.68,14296100,190780355
4.39,5.38,4.35,5.29,19203600,215380645
4.48,4.79,3.71,4.37,19647300,178043578
7.53,8.73,4.07,4.51,62612600,183263358
6.36,7.83,6.00,7.54,42419800,306383049
5.25,6.39,5.14,6.36,23234900,258413848
5.44,5.48,4.90,5.23,13570800,212489358
4.95,5.69,4.67,5.42,22969200,219730727
4.13,4.95,4.04,4.95,14069300,200743173
4.12,4.14,4.06,4.11,3939060,166600862
4.06,4.13,4.06,4.12,4281280,166548877
3.93,4.16,3.92,4.07,6288460,164402970
4.09,4.11,3.84,3.92,7113180,158580552
3.74,4.34,3.73,4.09,15390500,165024817
3.19,3.82,3.03,3.74,12726600,150780869
3.09,3.31,3.02,3.31,2837150,133312330
2.86,3.12,2.86,3.10,4570240,125039921
2.85,2.91,2.82,2.86,2100370,115169149
2.77,2.89,2.69,2.85,4221940,114689310
2.97,2.97,2.78,2.78,3317430,111716359
3.03,3.03,2.97,2.97,2332310,119504581
3.02,3.05,2.96,3.03,3039690,121589048
3.04,3.05,2.90,3.02,3196090,121255283
2.81,3.09,2.75,3.04,5729100,121702814
3.10,3.12,2.69,2.81,7275770,112452589
2.89,3.13,2.88,3.10,7435550,123890094
2.90,3.20,2.72,2.89,13038800,115540046
2.02,2.88,2.01,2.88,10053700,114976020
2.00,2.03,1.99,2.02,1895750,80614464
1.86,2.07,1.85,2.00,3128440,79943263
1.80,1.86,1.80,1.86,1470540,74250203
