Date,n_tit_subj_comm,n_tit_subj_score,n_tit_pol_comm,n_tit_pol_score,count
2011-06-12,0.0,0.0,0.6888005734134326,0.5634613141334056,0.0
2011-06-22,0.0,0.15739336076082006,0.6888005734134326,0.5637181950591624,0.0
2012-01-23,0.0,0.10251904102152588,0.6888005734134326,0.5634536022756907,0.0
2012-02-15,0.0,0.1641584275410745,0.6888005734134326,0.5634254298820331,0.0
2012-08-07,0.0,0.0,0.6888005734134326,0.5634613141334056,0.0
2012-08-12,0.0,0.10654700159753619,0.6888005734134326,0.563438177610238,0.0
2012-12-08,0.0,0.0,0.6888005734134326,0.5634613141334056,0.0
2013-03-07,0.0,0.0,0.6888005734134326,0.5634613141334056,0.5169731539571706
2013-03-21,0.0,0.0,0.6888005734134326,0.5634613141334056,0.0
2013-03-30,0.0,0.0,0.6888005734134326,0.5634613141334056,0.0
2013-04-10,0.23731823025843055,0.17511011127694462,0.6895566749326061,0.56363016116218,0.5169731539571706
2013-04-11,0.0,0.08620789409024962,0.6888005734134326,0.5634690256744866,0.5169731539571706
2013-04-14,0.0,0.0,0.6888005734134326,0.5634613141334056,0.0
2013-04-15,0.0,0.0,0.6888005734134326,0.5634613141334056,0.0
2013-05-01,0.14835775409884533,0.09263641087521066,0.6887282697780049,0.5634510315860841,0.0
2013-05-14,0.17588102628906285,0.1828675908681426,0.6890146728342289,0.5636953754165164,0.6147881529512643
2013-05-16,0.0,0.0,0.6888005734134326,0.5634613141334056,0.0
2013-05-18,0.21600526719798177,0.17254867135286897,0.6882751844041274,0.5632612746846968,0.0
2013-06-25,0.0,0.0,0.6888005734134326,0.5634613141334056,0.5169731539571706
2013-06-28,0.17723928178905998,0.15739336076082006,0.6892218914959505,0.5636861041450131,0.5169731539571706
2013-07-01,0.0,0.0,0.6888005734134326,0.5634613141334056,0.0
2013-07-09,0.0,0.11016387892111597,0.6888005734134326,0.5633996104033897,0.0
2013-07-13,0.0,0.0,0.6888005734134326,0.5634613141334056,0.0
2013-07-23,0.0,0.1385237440989545,0.6888005734134326,0.5634356067094983,0.0
2013-08-03,0.0,0.13554299607919312,0.6888005734134326,0.5633198797346161,0.0
2013-08-07,0.0,0.0,0.6888005734134326,0.5634613141334056,0.6147881529512643
2013-08-08,0.13405636385477332,0.11016387892111597,0.6888969428559322,0.5635024386943646,0.0
2013-08-10,0.0,0.10251904102152588,0.6888005734134326,0.5634921583982301,0.0
2013-08-12,0.0,0.0,0.6888005734134326,0.5634613141334056,0.5169731539571706
2013-08-13,0.19892480733582293,0.11559145544427868,0.6890589275888908,0.5634888872769162,0.0
2013-08-16,0.0,0.0,0.6888005734134326,0.5634613141334056,0.0
2013-08-18,0.0,0.15979700801825006,0.6888005734134326,0.5633970389746403,0.0
2013-08-24,0.1235819794650634,0.10738272837020212,0.6887804913542026,0.5634506031343954,0.0
2013-08-28,0.0,0.0,0.6888005734134326,0.5634613141334056,0.0
2013-09-05,0.11573622403522488,0.12247692283244024,0.6888808840906299,0.5635555445965118,0.0
2013-09-06,0.0,0.0,0.6888005734134326,0.5634613141334056,0.0
2013-09-14,0.0,0.0,0.6888005734134326,0.5634613141334056,0.0
2013-09-24,0.0,0.1310076686292894,0.6888005734134326,0.5637079265629201,0.0
2013-10-02,0.0,0.09220452773481463,0.6887845079065723,0.5634173237336745,0.6147881529512643
2013-10-03,0.0,0.0,0.6888005734134326,0.5634613141334056,0.0
2013-10-04,0.21540938492261896,0.23296823968066743,0.6892820167585804,0.5640772394373379,0.0
2013-10-06,0.0,0.13994468635889723,0.6888005734134326,0.5634613141334056,0.5169731539571706
2013-10-14,0.0,0.0,0.6888005734134326,0.5634613141334056,0.0
2013-10-16,0.0,0.1187470040584809,0.6888005734134326,0.5634859899504634,0.0
2013-10-21,0.1552764386411447,0.13492264572124077,0.688877672202799,0.5635024386943646,0.0
2013-10-23,0.0,0.0,0.6888005734134326,0.5634613141334056,0.0
2013-10-25,0.1455305971271654,0.11129391270771652,0.6888936581998458,0.5634911069725919,0.0
2013-10-28,0.0,0.0,0.6888005734134326,0.5634613141334056,0.0
2013-11-05,0.15231743681000712,0.11648411984033372,0.6886398677322102,0.5634098957663133,0.0
2013-11-06,0.17510644491232588,0.1126060518385783,0.6889980872625123,0.5634929294399575,0.0
2013-11-08,0.0,0.1131041634341036,0.6888005734134326,0.5634698824928406,0.6147881529512643
2013-11-11,0.10186080914555105,0.08370644647406517,0.6888005734134326,0.5634613141334056,0.0
2013-11-12,0.31529551425349506,0.26727911767360535,0.6901077471589961,0.5640936365151441,0.0
2013-11-14,0.0,0.0,0.6888005734134326,0.5634613141334056,0.0
2013-11-18,0.27669740244831686,0.18495179620386293,0.6896041294429608,0.5636187771017054,0.6803749333171202
2013-11-19,0.3204893783042575,0.32571386170838146,0.686085653463307,0.5607478220603539,0.0
2013-11-21,0.24056697222879223,0.15651157054618106,0.6895623934889364,0.5636154848349113,0.6147881529512643
2013-11-22,0.3362878927834996,0.22831703286292995,0.6904908000080514,0.5637982700780692,0.0
2013-11-24,0.27947247329658714,0.17972092250087118,0.6897624533900707,0.5636154848349113,0.0
2013-11-26,0.0,0.1628717286309873,0.6888005734134326,0.5635504059717708,0.0
2013-11-27,0.21077421496152235,0.15470188409689065,0.6893301056427295,0.5636052107236164,0.6147881529512643
2013-11-28,0.0,0.0,0.6888005734134326,0.5634613141334056,0.0
2013-12-01,0.163675737688466,0.11648411984033372,0.6888005734134326,0.5634613141334056,0.6147881529512643
2013-12-02,0.27739446691132197,0.19403916799108423,0.6871075222278185,0.5630830601483111,0.0
2013-12-03,0.45743992718308224,0.32266919234623714,0.6944846471733956,0.5647614918869002,0.5169731539571706
2013-12-04,0.19341625043570437,0.15552406654992604,0.6885594726822476,0.5633670363706672,0.0
2013-12-05,0.0973221759062214,0.0672521379461333,0.6888005734134326,0.5634613141334056,0.6147881529512643
2013-12-06,0.0,0.0,0.6888005734134326,0.5634613141334056,0.5169731539571706
2013-12-07,0.2471639589301268,0.15127462549805104,0.6880684520014902,0.5633653217913667,0.0
2013-12-10,0.0,0.0,0.6888005734134326,0.5634613141334056,0.0
2013-12-11,0.0,0.0,0.6888005734134326,0.5634613141334056,0.0
2013-12-12,0.3420211795925966,0.24248103174936106,0.6854779404157737,0.5626799518468325,0.5169731539571706
2013-12-13,0.0,0.18230749978551516,0.6888005734134326,0.563738730368384,0.0
2013-12-14,0.0,0.0,0.6888005734134326,0.5634613141334056,0.0
2013-12-16,0.0,0.0,0.6888005734134326,0.5634613141334056,0.0
2013-12-17,0.0,0.0,0.6888005734134326,0.5634613141334056,0.0
2013-12-18,0.0,0.07716611171445713,0.6887945489800946,0.5634430336600638,0.6803749333171202
2013-12-23,0.286402711999352,0.21604464049395283,0.6902745405843843,0.5638966372454187,0.5169731539571706
2013-12-24,0.15231743681000712,0.15739336076082006,0.6888662842384661,0.5635314074112773,0.0
2013-12-27,0.0,0.12077149154850951,0.6888005734134326,0.5634133240954478,0.0
2013-12-28,0.35037985668486843,0.19986177760990195,0.6819518263195213,0.5627917744147736,0.0
2014-01-02,0.0,0.10856455943180823,0.6888005734134326,0.563487251694896,0.0
2014-01-08,0.11166892425470198,0.09703124850840637,0.6887630854819167,0.5634413197744621,0.5169731539571706
2014-01-16,0.0,0.15186211082576595,0.6888005734134326,0.5636283266839683,0.0
2014-01-18,0.0,0.19168674333987815,0.6888005734134326,0.5631783387244473,0.0
2014-01-20,0.0,0.0,0.6888005734134326,0.5634613141334056,0.0
2014-01-21,0.0,0.0,0.6888005734134326,0.5634613141334056,0.5169731539571706
2014-01-23,0.0,0.13365562611197568,0.6888005734134326,0.5634098957663133,0.6147881529512643
2014-01-27,0.0,0.0,0.6888005734134326,0.563460457275963,1.0
2014-01-28,0.0,0.0,0.6888005734134326,0.5634613141334056,0.5169731539571706
2014-01-30,0.13644601975120302,0.11212763323510438,0.6889073439569229,0.5635068777392167,0.0
2014-02-06,0.0,0.0,0.6888005734134326,0.5634613141334056,0.5169731539571706
2014-02-07,0.2058113441974923,0.15038035207974715,0.6889009573717895,0.5634880889588999,0.6147881529512643
2014-02-09,0.13932342198553502,0.14743788425377002,0.6888005734134326,0.5634613141334056,0.0
2014-02-10,0.20046102030518376,0.19276671138290055,0.6886800547005436,0.5633648931440954,0.5169731539571706
2014-02-11,0.0,0.0,0.6888005734134326,0.5634613141334056,0.0
2014-02-12,0.0,0.0,0.6888005734134326,0.5634613141334056,0.0
2014-02-13,0.27086296166914037,0.22258782541543304,0.6888005734134326,0.5634613141334056,0.0
2014-02-15,0.0,0.0,0.6888005734134326,0.5634613141334056,0.0
2014-02-16,0.0,0.0,0.6888005734134326,0.5634613141334056,0.0
2014-02-17,0.0,0.0,0.6888005734134326,0.5634613141334056,0.0
2014-02-19,0.13763434108623837,0.11959309219070616,0.6889210288984093,0.5635255673037076,0.0
2014-02-24,0.18444175153031991,0.12337172802560147,0.6903496234745559,0.5637137026611037,0.6803749333171202
2014-02-25,0.14917518312632289,0.10911624286693906,0.6888351104471008,0.5634575439314177,0.8954237688029468
2014-02-26,0.17941440380520987,0.1477242654364962,0.6886418772477272,0.5634332500195711,0.7730551756939454
2014-02-27,0.0,0.08560288903680179,0.6888005734134326,0.5634452474058185,0.6147881529512643
2014-02-28,0.30134932280608895,0.2071520996758093,0.6895073464777757,0.5636101873164392,0.6803749333171202
2014-03-01,0.0,0.13722290761458245,0.6888005734134326,0.5634483180422156,0.5169731539571706
2014-03-03,0.20046102030518376,0.2188791075919785,0.6888005734134326,0.5634613141334056,0.5169731539571706
2014-03-04,0.3074845884377991,0.20658422579325295,0.6874627165134645,0.5632068393253715,0.6803749333171202
2014-03-05,0.2662311186426537,0.24052040139646338,0.687673262812615,0.5627590947122638,0.7730551756939454
2014-03-06,0.44120739971302914,0.2832664017315455,0.6886834989704954,0.5634348721599659,0.8091067115702212
2014-03-07,0.10548278357336795,0.10742400561340788,0.6887692446337351,0.5634605429618832,0.7311104457090247
2014-03-10,0.0,0.11016387892111597,0.6888005734134326,0.5634613141334056,0.0
2014-03-11,0.14174734682136964,0.12674072052640886,0.6888608090545724,0.5634969481516612,0.5169731539571706
2014-03-12,0.1250673513686505,0.09564473149000548,0.6888334311766152,0.5634718297927451,0.0
2014-03-17,0.0,0.0,0.6888005734134326,0.5634613141334056,0.0
2014-03-18,0.28829326157023416,0.12106076665416422,0.6883583617621192,0.5634484608612914,0.0
2014-03-25,0.227196126394398,0.1320193859828434,0.6895583905144439,0.5635422695284411,0.5169731539571706
2014-04-01,0.5736270622544317,0.4043276565175858,0.6471173625288588,0.5548337152156229,0.5169731539571706
2014-04-14,0.0,0.0,0.6888005734134326,0.5634613141334056,0.0
2014-04-18,0.0,0.0,0.6888005734134326,0.5634613141334056,0.0
2014-04-21,0.0,0.1185106904415829,0.6888005734134326,0.5634778384766176,0.0
2014-04-22,0.0,0.09954430171855273,0.6888005734134326,0.5635024386943646,0.0
2014-04-27,0.1946443518124428,0.1345042758922666,0.6892820167585804,0.5635641086587255,0.0
2014-04-29,0.0,0.0,0.6888005734134326,0.5634613141334056,0.6147881529512643
2014-05-04,0.48641611828356257,0.3044517100279825,0.6888005734134326,0.5634613141334056,0.0
2014-05-05,0.28349469364273927,0.16473342207929287,0.6888005734134326,0.5634613141334056,0.0
2014-05-06,0.5400250360249824,0.35194225386834166,0.6888005734134326,0.5634613141334056,0.0
2014-05-08,0.12113359897582356,0.12357548054138742,0.6888005734134326,0.5634613141334056,0.0
2014-05-19,0.0,0.0,0.6888005734134326,0.5634613141334056,0.0
2014-05-28,0.0,0.0,0.6888005734134326,0.5634613141334056,0.0
2014-05-29,0.0,0.0,0.6888005734134326,0.5634613141334056,0.0
2014-06-04,0.19541392935208451,0.21457041922439765,0.6894437302875791,0.5643352577100264,0.0
2014-06-06,0.0,0.0,0.6888005734134326,0.5634613141334056,0.0
2014-06-09,0.16856695337273112,0.0979510788077207,0.6891858087840468,0.5635024386943646,0.0
2014-06-10,0.0,0.0,0.6888005734134326,0.5634613141334056,0.0
2014-06-12,0.39200989639912176,0.25895318058022043,0.6960471722759782,0.5647783885884855,0.6147881529512643
2014-06-13,0.0,0.0,0.6888005734134326,0.5634613141334056,0.0
2014-06-29,0.16856695337273112,0.12316696096633574,0.6886800547005436,0.5634291793036782,0.0
2014-06-30,0.459053295982351,0.4182704041331161,0.6820759461991338,0.5591382493634752,0.0
2014-07-02,0.0,0.0,0.6888005734134326,0.5634613141334056,0.0
2014-07-03,0.0,0.08850879106640223,0.6888005734134326,0.5634613141334056,0.0
2014-07-04,0.0,0.08370644647406517,0.6888005734134326,0.5635024386943646,0.0
2014-07-10,0.0,0.13365562611197568,0.6888005734134326,0.5633893244771299,0.0
2014-07-17,0.1957409830976826,0.15739336076082006,0.6889976495039268,0.5635384153006966,0.0
2014-07-18,0.0,0.1131041634341036,0.6888005734134326,0.5634613141334056,0.6147881529512643
2014-07-19,0.0,0.0,0.6888005734134326,0.5634613141334056,0.0
2014-07-21,0.1957409830976826,0.13526207644269878,0.6889976495039268,0.5635033732388409,0.0
2014-07-23,0.0,0.0,0.6888005734134326,0.5634613141334056,0.0
2014-08-28,0.12506735136865046,0.10867339621952811,0.6888334311766152,0.5634788399052417,0.5169731539571706
2014-08-29,0.23838967162762947,0.1385237440989545,0.6880765099998638,0.5633841813027263,0.0
2014-08-31,0.0,0.0,0.6888005734134326,0.5634613141334056,0.0
2014-09-03,0.15231743681000712,0.11129391270771652,0.6885594726822476,0.5633970389746403,0.0
2014-09-04,0.2277676934925844,0.1741843866348696,0.6881973460177279,0.5632684226214342,0.5169731539571706
2014-09-05,0.27086296166914037,0.20714131190857182,0.6875925281923935,0.563075332738285,0.0
2014-09-10,0.0,0.0,0.6888005734134326,0.5634613141334056,0.5169731539571706
2014-09-19,0.20046102030518376,0.15330172304350703,0.6894022201038812,0.563654007749075,0.0
2014-09-22,0.0,0.0,0.6888005734134326,0.5634613141334056,0.0
2014-09-29,0.0,0.14222095613836414,0.6888005734134326,0.5635504059717708,0.0
2014-09-30,0.34526344895254657,0.20503808204305177,0.6943008435131768,0.5641079827853592,0.0
2014-10-02,0.0,0.0,0.6888005734134326,0.5634613141334056,0.0
2014-10-05,0.0,0.0,0.6888005734134326,0.5634613141334056,0.0
2014-10-09,0.0,0.0,0.6888005734134326,0.5634613141334056,0.0
2014-10-13,0.0,0.0,0.6888005734134326,0.5634613141334056,0.0
2014-10-14,0.0,0.0,0.6888005734134326,0.5634613141334056,0.0
2014-10-17,0.0,0.0,0.6888005734134326,0.5634613141334056,0.0
2014-10-20,0.3239569384812981,0.21917997305478115,0.6888681092707528,0.5634745559786943,0.0
2014-11-05,0.28349469364273927,0.2522739415371079,0.6888005734134326,0.5634613141334056,0.0
2014-11-09,0.0,0.17701758213280447,0.6888005734134326,0.5634613141334056,0.0
2014-11-14,0.0,0.0,0.6888005734134326,0.5634613141334056,0.0
2014-11-16,0.6174340325924769,0.5066843368527872,0.6459225805946217,0.5461115734477765,0.0
2014-11-29,0.0,0.0,0.6888005734134326,0.5634613141334056,0.0
2014-12-11,0.0,0.0,0.6888005734134326,0.5634613141334056,0.5169731539571706
2014-12-19,0.0,0.0,0.6888005734134326,0.5634613141334056,0.0
2015-01-12,0.0,0.0,0.6888005734134326,0.5634613141334056,0.0
2015-01-14,0.0,0.0,0.6888005734134326,0.5634613141334056,0.5169731539571706
2015-02-10,0.38112824896222175,0.2296206591528948,0.6474367905238918,0.5587445511428709,0.0
2015-02-12,0.0,0.12923517599577264,0.6888005734134326,0.5634963640419284,0.0
2015-02-16,0.5439133997320084,0.3333445836587139,0.7844946549327434,0.5783746611276401,0.0
2015-02-22,0.0,0.0,0.6888005734134326,0.5634613141334056,0.0
2015-03-06,0.13405636385477332,0.10525528407645482,0.6888005734134326,0.5634613141334056,0.0
2015-03-14,0.18113697959343783,0.18947033914228284,0.6888608090545724,0.5635287793853403,0.0
2015-03-18,0.0,0.0,0.6888005734134326,0.5634613141334056,0.5169731539571706
2015-03-20,0.2426867098221291,0.18241993122950606,0.6886130725108284,0.5634053245634459,0.0
2015-03-30,0.20238215304981935,0.09740231167810058,0.6889370848566769,0.5634681688522241,0.6803749333171202
2015-04-01,0.0,0.0,0.6888005734134326,0.5634613141334056,0.0
2015-04-02,0.0,0.11449220424266728,0.6888005734134326,0.5634304648024395,0.0
2015-04-03,0.0,0.0,0.6867552496064169,0.5625994843776524,0.5169731539571706
2015-04-06,0.5376164540182632,0.27108599215838625,0.7152831640369205,0.565150278853212,0.0
2015-04-07,0.1946443518124428,0.14565042805597717,0.6892820167585804,0.5636026421079986,0.0
2015-04-09,0.0,0.12077149154850951,0.6888005734134326,0.5634270367861897,0.0
2015-04-10,0.0,0.0,0.6888005734134326,0.5634613141334056,0.0
2015-04-15,0.0,0.0,0.6888005734134326,0.5634613141334056,0.0
2015-04-27,0.0,0.0,0.6888005734134326,0.5634613141334056,0.0
2015-05-12,0.0,0.0,0.6888005734134326,0.5634613141334056,0.0
2015-06-04,0.0,0.0,0.6888005734134326,0.5634613141334056,0.0
2015-06-05,0.47044620650056085,0.2181572979584707,0.7089814561764242,0.5642122863837097,0.5169731539571706
2015-06-11,0.4050345996099192,0.29263642670146023,0.6826955314773749,0.5619190804116071,0.5169731539571706
2015-06-12,0.0,0.0,0.6888005734134326,0.5634613141334056,0.0
2015-06-18,0.21540938492261896,0.18230749978551516,0.6883181184187086,0.5632298205297261,0.0
2015-07-03,0.163675737688466,0.14222095613836414,0.6886398677322102,0.563375609032358,0.6147881529512643
2015-07-05,0.1946443518124428,0.1345042758922666,0.6889210288984093,0.563487018039159,0.0
2015-07-08,0.0,0.0,0.6888005734134326,0.5634613141334056,0.0
2015-07-23,0.13763434108623837,0.10525528407645482,0.6889210288984093,0.5634998686730791,0.0
2015-07-28,0.22662021269720126,0.10654700159753619,0.688969193405915,0.5634690256744866,0.0
2015-08-01,0.0,0.0,0.6888005734134326,0.5634613141334056,0.0
2015-08-05,0.0,0.0,0.6888005734134326,0.5634613141334056,0.0
2015-08-06,0.0,0.1251703327153527,0.6888005734134326,0.563487018039159,0.0
2015-09-01,0.0,0.10860087472687892,0.6888005734134326,0.5634304648024395,0.5169731539571706
2015-09-08,0.0,0.0,0.6888005734134326,0.5634613141334056,0.0
2015-09-09,0.0,0.0,0.6888005734134326,0.5634613141334056,0.0
2015-09-11,0.0,0.0,0.6888005734134326,0.5634613141334056,0.0
2015-09-12,0.0,0.0,0.6888005734134326,0.5634613141334056,0.0
2015-09-17,0.0,0.0,0.6888005734134326,0.5634613141334056,0.0
2015-09-18,0.0,0.0,0.6888005734134326,0.5634613141334056,0.0
2015-09-19,0.24336381206127156,0.1861114527833439,0.6891757848026616,0.563581449689008,0.0
2015-09-22,0.15129167182158293,0.14189987329139628,0.6887571939646919,0.5634039817514607,0.5169731539571706
2015-09-24,0.0,0.0,0.6888005734134326,0.5634613141334056,0.0
2015-10-05,0.19524978478948649,0.16045097026669095,0.6893781844646883,0.5637079265629201,0.0
2015-10-19,0.0,0.0,0.6888005734134326,0.5634613141334056,0.0
2015-10-22,0.2422671979516471,0.24212153330832845,0.6895703992287892,0.5641796977232794,0.0
2015-11-02,0.163675737688466,0.15330172304350703,0.688832701055182,0.5634750233208841,0.6147881529512643
2015-11-04,0.18479816237398847,0.1123905368760511,0.6891015937426919,0.5634998686730791,0.0
2015-11-12,0.11573622403522488,0.10525528407645482,0.6889451124148642,0.5635538317372165,0.0
2015-11-16,0.15231743681000712,0.08370644647406517,0.6895223606065166,0.5635229975988538,0.0
2015-11-19,0.27353188454952415,0.2082071237752659,0.6874471341694944,0.5630369771801752,0.0
2015-11-20,0.0,0.0,0.6888005734134326,0.5634613141334056,0.0
2015-11-21,0.163675737688466,0.16697520843787636,0.6890414212328194,0.5637053593511775,0.0
2015-11-23,0.0,0.0,0.6888005734134326,0.5634613141334056,0.0
2015-11-25,0.0,0.0,0.6888005734134326,0.5634613141334056,0.5169731539571706
2015-12-07,0.12113359897582356,0.09263641087521066,0.6888246695661837,0.5634690256744866,0.5169731539571706
2015-12-08,0.15942078170749002,0.09263641087521066,0.6886559433637994,0.5634458901013116,0.5169731539571706
2015-12-09,0.1706356465415102,0.20485986537572712,0.6885835941540641,0.5630392672842693,0.6803749333171202
2015-12-10,0.0,0.0,0.6888005734134326,0.5634613141334056,0.0
2015-12-11,0.0,0.0,0.6888005734134326,0.5634613141334056,0.0
2015-12-15,0.0,0.0,0.6888005734134326,0.5634613141334056,0.0
2016-01-01,0.23838967162762947,0.19921809202811566,0.6885594726822476,0.5631955008948926,0.5169731539571706
2016-01-07,0.0,0.0,0.6888005734134326,0.5634613141334056,0.0
2016-01-11,0.16856695337273112,0.15330172304350703,0.6888005734134326,0.5634613141334056,0.0
2016-01-15,0.30124682650787105,0.2185858998238703,0.6825717493513738,0.5618607560563738,0.5169731539571706
2016-01-20,0.0,0.0,0.6887523735199629,0.5634458901013116,0.0
2016-01-23,0.0,0.0,0.6888005734134326,0.5634613141334056,0.0
2016-01-27,0.17130877853067333,0.1524428560708875,0.6886077130911807,0.5633481751372871,0.0
2016-02-02,0.318387695270373,0.3661020876813368,0.69017656954418,0.5657052982424616,0.0
2016-02-13,0.2277676934925844,0.08850879106640223,0.6851571547789258,0.5633841813027263,0.0
2016-02-17,0.0973221759062214,0.08994843048082717,0.6889210288984093,0.5635332762073525,0.6147881529512643
2016-02-18,0.0,0.0,0.6888005734134326,0.5634613141334056,0.0
2016-02-26,0.15231743681000712,0.13235151284850824,0.6890414212328194,0.5635897985030901,0.0
2016-03-14,0.0,0.0,0.6888005734134326,0.5634613141334056,0.0
2016-03-16,0.4993385765193897,0.3745591248429678,0.6945272017366992,0.5651711216075308,0.0
2016-03-17,0.0,0.0,0.6888005734134326,0.5634613141334056,0.0
2016-03-21,0.0,0.0,0.6888005734134326,0.5634613141334056,0.0
2016-04-03,0.6347043165874556,0.5799588690430166,0.7446103636352037,0.600678793742788,0.0
2016-04-06,0.5514490751482404,0.47121528093776943,0.7889582554641501,0.6172219618396771,0.0
2016-04-21,0.0,0.0,0.6888005734134326,0.5634613141334056,0.0
2016-04-27,0.0,0.0979510788077207,0.6888005734134326,0.5634613141334056,0.0
2016-05-02,0.0,0.0,0.6888005734134326,0.5634613141334056,0.6147881529512643
2016-05-04,0.17518992834243421,0.1506802146894235,0.6885594726822476,0.5633378863932653,0.5169731539571706
2016-05-05,0.2058113441974923,0.15894422153250495,0.6883985980485542,0.5633079600917044,0.6147881529512643
2016-05-07,0.10945656273902561,0.08994843048082717,0.6888005734134326,0.5634613141334056,0.0
2016-05-09,0.0,0.0,0.6888005734134326,0.5634613141334056,0.0
2016-05-19,0.0,0.0,0.6888005734134326,0.5634613141334056,0.0
2016-06-09,0.16856695337273112,0.11648411984033372,0.6888005734134326,0.5634613141334056,0.0
2016-06-16,0.0,0.14396632505281626,0.6888005734134326,0.5636411676553096,0.0
2016-06-24,0.13405636385477332,0.1065470015975362,0.6888005734134326,0.5634613141334056,0.5169731539571706
2016-06-28,0.0,0.0,0.6888005734134326,0.5634613141334056,0.0
2016-06-29,0.0,0.0,0.6888005734134326,0.5634613141334056,0.0
2016-07-20,0.18113697959343783,0.11648411984033372,0.6892820167585804,0.5635384153006966,0.0
2016-07-25,0.6432153540531418,0.5925832970899144,0.7402226406448628,0.5987450484857376,0.0
2016-08-02,0.0,0.0,0.6888005734134326,0.5634613141334056,0.0
2016-08-03,0.2623434894652919,0.17945604201325,0.6950760093261104,0.5643767729170813,0.5169731539571706
2016-08-12,0.0,0.0,0.6888005734134326,0.5634613141334056,0.0
2016-08-24,0.2412281438542749,0.1762583755807944,0.6892965902105921,0.5635936905973036,0.0
2016-09-10,0.4034046486432036,0.21964322215609589,0.6933813782490186,0.5638413732678227,0.0
2016-09-19,0.0,0.0,0.6888005734134326,0.5634613141334056,0.0
2016-09-26,0.0,0.0,0.6888005734134326,0.5634613141334056,0.0
2016-10-04,0.0,0.10840068793164584,0.6888005734134326,0.5634613141334056,0.0
2016-10-12,0.19341625043570437,0.10251904102152588,0.6900502341856104,0.5635538317372165,0.0
2016-10-13,0.1656844047117248,0.14396632505281626,0.6889451124148642,0.5635384153006966,0.0
2016-10-14,0.0,0.0,0.6888005734134326,0.5634613141334056,0.0
2016-10-19,0.0,0.0,0.6888005734134326,0.5634613141334056,0.0
2016-10-24,0.0,0.14306670771987964,0.6888005734134326,0.5635677054484335,0.5169731539571706
2016-11-01,0.2471639589301268,0.16110722514834516,0.6878991686008654,0.5633093035904919,0.0
2016-11-04,0.0,0.0,0.6888005734134326,0.5634613141334056,0.0
2016-11-07,0.0,0.15557347849152103,0.6888005734134326,0.5635349113886672,0.5169731539571706
2016-11-28,0.0,0.1310076686292894,0.6888005734134326,0.5633841813027263,0.0
2016-11-29,0.0,0.0,0.6888005734134326,0.5634613141334056,0.0
2016-11-30,0.0,0.0,0.6888005734134326,0.5634613141334056,0.0
2016-12-05,0.07202646888396784,0.07038845077366833,0.6887824996391707,0.5634458901013116,0.5169731539571706
2016-12-07,0.0,0.0,0.6888005734134326,0.5634613141334056,0.0
2016-12-09,0.0,0.0,0.6888005734134326,0.5634613141334056,0.0
2016-12-15,0.0,0.0,0.6888005734134326,0.5634613141334056,0.0
2016-12-21,0.0,0.0,0.6888005734134326,0.5634613141334056,0.0
2016-12-30,0.23838967162762947,0.17120577807360357,0.6884388272809006,0.5633713227504304,0.0
2017-01-02,0.39559652861603034,0.2525601291118467,0.6950408307441557,0.5644419925955267,0.0
2017-01-03,0.0,0.0,0.6888005734134326,0.5634613141334056,0.0
2017-01-04,0.0,0.09985393003489489,0.6888005734134326,0.5634736524471637,0.5169731539571706
2017-01-05,0.6647990360205347,0.36908964032211006,0.7133645939259855,0.5657505527333619,0.0
2017-01-09,0.0,0.21051056815290964,0.6888005734134326,0.5630495724068976,0.0
2017-01-10,0.0,0.0,0.6888005734134326,0.5634613141334056,0.0
2017-01-14,0.17306602155421966,0.11959309219070616,0.6891015937426919,0.5635255673037076,0.5169731539571706
2017-01-17,0.14873098410214444,0.1430222326638106,0.6888662842384661,0.5635138865438216,0.5169731539571706
2017-01-19,0.0,0.0,0.6888005734134326,0.5634613141334056,0.0
2017-01-21,0.12113359897582356,0.10525528407645482,0.689089560501722,0.5636154848349113,0.0
2017-01-23,0.0,0.0,0.6888005734134326,0.5634613141334056,0.0
2017-01-27,0.0,0.0,0.6888005734134326,0.5634613141334056,0.5169731539571706
2017-01-30,0.2447523148679318,0.18397258127234864,0.6871075222278185,0.5629568059260148,0.0
2017-01-31,0.0,0.0,0.6888005734134326,0.5634613141334056,0.0
2017-02-07,0.0,0.08959499169939998,0.6888005734134326,0.5634420338953635,0.0
2017-02-09,0.0,0.09510888558200797,0.6888005734134326,0.5634098957663133,0.6147881529512643
2017-02-13,0.22545503161485303,0.12191637300605442,0.6901460811542646,0.5635692469086557,0.0
2017-02-14,0.11272751580742651,0.06807747194886234,0.6888005734134326,0.5634613141334056,0.5169731539571706
2017-02-23,0.13057140062670194,0.11345596912353828,0.6888391260441163,0.5634818775394067,0.5169731539571706
2017-03-02,0.2426867098221291,0.17646179008610854,0.6902418882060836,0.5638824147364871,0.5169731539571706
2017-03-03,0.21959404544330058,0.18584910498182852,0.6891088133847019,0.5636093204355582,0.0
2017-03-10,0.13405636385477332,0.1557952516538697,0.6887764747315654,0.5634201805659725,0.5169731539571706
2017-03-22,0.3634007969274706,0.222029256833939,0.691388473367247,0.5638003228350942,0.0
2017-03-23,0.2459670038590046,0.17918998339879996,0.6904333827142276,0.5638926737035534,0.0
2017-04-01,0.0,0.0,0.6888005734134326,0.5634613141334056,0.0
2017-04-03,0.0,0.1310076686292894,0.6888005734134326,0.5635846608152565,0.0
2017-04-04,0.0,0.13554299607919312,0.6888005734134326,0.5635346680590159,0.5169731539571706
2017-04-05,0.14873098410214444,0.13526207644269878,0.6888662842384661,0.5635033732388409,0.0
2017-04-12,0.0,0.0,0.6888005734134326,0.5634613141334056,0.0
2017-04-27,0.16741437945130358,0.12232480878673632,0.6888957749835954,0.5634867064977244,0.0
2017-05-01,0.3256196504186023,0.2222836737252377,0.6902954356749732,0.5637657962113254,0.0
2017-05-02,0.66915289693692,0.4328782667372388,0.7102200951385208,0.5671027992905847,0.0
2017-05-04,0.3204893783042575,0.20850865551927616,0.6927031921415475,0.5641199371744768,0.0
2017-05-08,0.2430520064088043,0.12302988010737002,0.687852795391979,0.5633121620665662,0.5169731539571706
2017-05-09,0.40902557018627456,0.2247810737521022,0.6888005734134326,0.5634613141334056,0.0
2017-05-10,0.0,0.0,0.6888005734134326,0.5634613141334056,0.0
2017-05-11,0.2447523148679318,0.16697520843787636,0.690002295720339,0.5637053593511775,0.0
2017-05-17,0.12387798632652056,0.09473516957114142,0.6888005734134326,0.5634613141334056,0.5169731539571706
2017-05-22,1.0,0.8992710486442234,0.7950149708072982,0.6316739179856667,0.0
2017-05-24,0.3612126723241839,0.20168164769110397,0.6910323693318661,0.5636644503782906,0.6147881529512643
2017-05-25,0.3242384295097068,0.2212023178623122,0.6909114231464795,0.5638906219549342,0.0
2017-05-26,0.293708089162608,0.13779656022314052,0.6886619714354146,0.5634092529476332,0.5169731539571706
2017-05-27,0.2447523148679318,0.14222095613836414,0.6888005734134326,0.5634613141334056,0.0
2017-05-28,0.0,0.0,0.6888005734134326,0.5634613141334056,0.0
2017-06-06,0.0,0.0,0.6888005734134326,0.5634613141334056,0.0
2017-06-16,0.2218465867764259,0.12891086935950283,0.6880765099998638,0.5633841813027263,0.0
2017-08-01,0.42408036615280503,0.27529946726378174,0.6808677266834811,0.5621612561731767,0.0
2017-08-06,0.7279375294570795,0.40874832898413255,0.7546099190544056,0.5703883412232863,0.0
2017-08-07,0.2525690156775903,0.17132793710820124,0.6893397222119393,0.563568219269913,0.0
2017-08-11,0.790839609273765,0.7625224437407891,0.0,0.0,0.5169731539571706
2017-08-12,0.3855154966901794,0.28935933745692766,0.6912194503810534,0.5641820256720252,0.0
2017-08-13,0.0,0.0,0.6888005734134326,0.5634613141334056,0.0
2017-08-14,0.0,0.1251703327153527,0.6888005734134326,0.5635127184278819,0.0
2017-08-15,0.0,0.0,0.6888005734134326,0.5634613141334056,0.0
2017-08-16,0.0,0.0,0.6888005734134326,0.5634613141334056,0.0
2017-08-20,0.0,0.14969209442025752,0.6888005734134326,0.5635243992604048,0.0
2017-08-25,0.5798350264442413,0.34542868955182066,0.6888005734134326,0.5634613141334056,0.0
2017-08-28,0.36227395918687566,0.321457616970195,0.6933813782490186,0.5661260230307666,0.0
2017-09-05,0.2309886994537115,0.1826441725025004,0.6893761813812704,0.5636719824062859,0.0
2017-09-09,0.0,0.0,0.6888005734134326,0.5634613141334056,0.0
2017-09-12,0.6980061838435107,0.3533416542478775,0.5810250913672486,0.5581636780937598,0.5169731539571706
2017-09-13,0.0,0.0,0.6888005734134326,0.5634613141334056,0.5169731539571706
2017-09-14,0.19104074991941813,0.13531750696823228,0.6893774213873499,0.5635857209845688,0.6147881529512643
2017-09-15,0.30672870730497237,0.16036836999722698,0.6846015110717999,0.563222957104646,0.6147881529512643
2017-09-18,0.0,0.0,0.6888005734134326,0.5634613141334056,0.0
2017-09-19,0.0,0.0,0.6888005734134326,0.5634613141334056,0.0
2017-09-25,0.0,0.11648411984033372,0.6888005734134326,0.5635384153006966,0.0
2017-10-06,0.163675737688466,0.14565042805597717,0.6884790494620431,0.5632727112528605,0.0
2017-10-07,0.0,0.0,0.6888005734134326,0.5634613141334056,0.0
2017-10-11,0.42775709232492,0.23512225835283782,0.6889451124148642,0.5634715961178226,0.5169731539571706
2017-10-12,0.46878665423729754,0.24274213444251422,0.6951538096425451,0.5638939793501049,0.5169731539571706
2017-10-14,0.0,0.0,0.6888005734134326,0.5634613141334056,0.0
2017-10-16,0.5823042165453604,0.39981960798540955,0.7353399107385485,0.5738729995146141,0.0
2017-10-20,0.2662311186426537,0.16642321672482482,0.6904214189748219,0.5636796853044385,0.5169731539571706
2017-10-22,0.0,0.0,0.6888005734134326,0.5634613141334056,0.0
2017-10-24,0.322112161207651,0.14885345025235527,0.6935702847856138,0.5636668469654047,0.0
2017-10-27,0.0,0.0,0.6888005734134326,0.5634613141334056,0.0
2017-10-31,0.2321924332744074,0.20175641383839987,0.6891858087840468,0.5636668469654047,0.0
2017-11-01,0.5362754339363286,0.32619593640122196,0.6995787137077837,0.5648692091716925,0.5169731539571706
2017-11-07,0.318387695270373,0.1850090875278396,0.69017656954418,0.5636084798199748,0.0
2017-11-08,0.15539611228576075,0.16444667874330965,0.688659962095798,0.5632962969748853,0.0
2017-11-09,0.7050222028715688,0.4326586948491152,0.7472854831237222,0.5720688243083791,0.0
2017-11-10,0.1949477733909121,0.1322779228768599,0.6875965655988673,0.563347603555186,0.5169731539571706
2017-11-15,0.30463487362001423,0.20714131190857182,0.6911023617920775,0.5639234472456536,0.0
2017-11-20,0.37048159174700307,0.2323591671767895,0.6802069884610014,0.5622363059570437,0.5169731539571706
2017-11-21,0.130166523192991,0.11016387892111595,0.6886720178696835,0.5633996104033897,0.6147881529512643
2017-11-24,0.18113697959343783,0.10525528407645482,0.6902418882060836,0.5636154848349113,0.0
2017-11-27,0.23147244807044975,0.15470188409689065,0.6888005734134326,0.5634613141334056,0.6147881529512643
2017-11-28,0.5463683864183878,0.2954855395922994,0.7169486275930802,0.5658411060670805,0.6147881529512643
2017-11-29,0.3586830902980975,0.1983554796459392,0.6786502681586727,0.5620240185076094,0.6803749333171202
2017-11-30,0.3853908881935336,0.27377954409562266,0.6617386478666879,0.5573659882985491,0.6803749333171202
2017-12-01,0.14405293776793568,0.08370644647406517,0.6888487631904381,0.5634664551959727,0.6803749333171202
2017-12-04,0.5853248251760688,0.40728912088099567,0.7014674940685538,0.57010270097444,0.6147881529512643
2017-12-05,0.32528606328639703,0.23858596337887752,0.6900502341856104,0.5638003228350942,0.0
2017-12-06,0.30740906709115107,0.1822262088707365,0.6906567909777623,0.5636859650724579,0.6803749333171202
2017-12-11,0.0,0.0,0.6888005734134326,0.5634613141334056,0.0
2017-12-14,0.32833513207997994,0.2704184174136155,0.6903561512638771,0.5641115924699601,0.6803749333171202
2017-12-15,0.0,0.0,0.6874713729133985,0.5629937462229074,0.6147881529512643
2017-12-18,0.0,0.0,0.6888005734134326,0.5634613141334056,0.0
2017-12-19,0.3235343245306668,0.22020014252206768,0.6813661701101991,0.5626047925648721,0.6147881529512643
2017-12-20,0.0,0.0,0.6888005734134326,0.5634613141334056,0.6803749333171202
2017-12-21,0.46817523504749975,0.3086702434276929,0.7013457801882832,0.5657141498901004,0.6147881529512643
2017-12-22,0.5352872000821485,0.38410729569757907,0.6706885836165623,0.5586717480194462,0.8408964152537145
2017-12-26,0.176428096740171,0.13492264572124077,0.688511222132028,0.5633687509343132,0.5169731539571706
2017-12-27,0.0,0.0,0.6888005734134326,0.5634613141334056,0.0
2017-12-28,0.2808324768291877,0.1964440774740878,0.6872962576789096,0.5631251260227446,0.0
2018-01-03,0.1946443518124428,0.1751441165433842,0.6888005734134326,0.5634613141334056,0.0
2018-01-04,0.0,0.0,0.6888005734134326,0.5634613141334056,0.5169731539571706
2018-01-07,0.0,0.0,0.6888005734134326,0.5634613141334056,0.5169731539571706
2018-01-08,0.0,0.08370644647406518,0.6888005734134326,0.5634664551959727,0.6147881529512643
2018-01-09,0.33500677276410595,0.17998463696286615,0.685646308481467,0.5632169514018673,0.5169731539571706
2018-01-10,0.307631429257318,0.2330356202342574,0.6876059859374044,0.5630574439943895,0.6147881529512643
2018-01-11,0.245513606532699,0.19113984263638767,0.6893421262913576,0.5636475878118805,0.5169731539571706
2018-01-12,0.4133800928276007,0.3080175293620473,0.6847896007843365,0.5613343676986096,0.5169731539571706
2018-01-13,0.0,0.0,0.6888005734134326,0.5634613141334056,0.0
2018-01-15,0.2477559726530411,0.13735466283846184,0.6895223606065166,0.5635075786314458,0.6147881529512643
2018-01-16,0.21071930438894312,0.15595840888582363,0.688686751844667,0.5634458186908099,0.6803749333171202
2018-01-17,0.0,0.0,0.6888005734134326,0.5634613141334056,0.7311104457090247
2018-01-19,0.33713390674546223,0.2695324268104431,0.6920309288907899,0.5647007302430804,0.0
2018-01-21,0.0,0.0,0.6888005734134326,0.5634613141334056,0.0
2018-01-22,0.0,0.0,0.6888005734134326,0.5634613141334056,0.0
2018-01-23,0.7234921252600324,0.4806298530214573,0.6103331565937484,0.5510192766694875,0.0
2018-01-24,0.0,0.0,0.6888005734134326,0.5634613141334056,0.6147881529512643
2018-01-25,0.8150853472422184,1.0,1.0,1.0,0.0
2018-01-28,0.3756644111803367,0.2947560219778731,0.6750183436035706,0.5586575356390987,0.5169731539571706
2018-01-30,0.1733537466065749,0.13607044379875438,0.6886945202870868,0.563425708413072,0.7730551756939454
2018-01-31,0.0,0.0,0.6888005734134326,0.5634613141334056,0.0
2018-02-01,0.5057008601181933,0.2968308530472575,0.6888005734134326,0.5634613141334056,0.6803749333171202
2018-02-02,0.1619434755103945,0.09410230068665942,0.6888139604771579,0.5634627422204566,0.5169731539571706
2018-02-03,0.28525016261778585,0.20918235946789374,0.6904214189748219,0.5638785674794742,0.5169731539571706
2018-02-04,0.0,0.0,0.6888005734134326,0.5634613141334056,0.0
2018-02-05,0.0,0.0,0.6888005734134326,0.5634613141334056,0.6147881529512643
2018-02-06,0.30974096738928386,0.1807689023195511,0.6867309349522123,0.5632375415830377,0.5169731539571706
2018-02-09,0.0,0.0,0.6888005734134326,0.5634613141334056,0.0
2018-02-12,0.0,0.0,0.6888005734134326,0.5634613141334056,0.0
2018-02-13,0.4566699795504741,0.29183728605274206,0.6983360867426026,0.5649744131615602,0.0
2018-02-16,0.329879473713331,0.23050262030427066,0.6861344175030949,0.5628691510100345,0.0
2018-02-17,0.25206638828008776,0.19356493430012242,0.6881973460177279,0.5632652060835779,0.5169731539571706
2018-02-19,0.20046102030518376,0.15068021468942353,0.6892820167585804,0.5636052107236164,0.0
2018-02-21,0.0,0.0,0.6888005734134326,0.5634613141334056,0.0
2018-02-23,0.0,0.0,0.6888005734134326,0.5634613141334056,0.0
2018-02-26,0.10186080914555105,0.07997672094468619,0.6888005734134326,0.5634613141334056,0.6147881529512643
2018-02-27,0.22610457747327672,0.1826721446562422,0.6889531396924511,0.5635221410227572,0.6147881529512643
2018-03-02,0.41667421852327924,0.34747628326285934,0.6928137303084704,0.5652572472043546,0.5169731539571706
2018-03-04,0.0,0.0,0.6888005734134326,0.5634613141334056,0.0
2018-03-05,0.7024740277124123,0.856615278808912,0.7786556890929971,0.7155730337016545,0.0
2018-03-06,0.0,0.0,0.6888005734134326,0.5634613141334056,0.0
2018-03-07,0.8170661281825107,0.6863276620372857,0.6528244424964669,0.5472879605695172,0.0
2018-03-14,0.0,0.0,0.6888005734134326,0.5634613141334056,0.0
2018-03-15,0.25616637318833835,0.16913017294223254,0.6867674059651109,0.5631010895346023,0.5169731539571706
2018-03-19,0.0,0.0,0.6888005734134326,0.5634613141334056,0.0
2018-03-20,0.0,0.0,0.6888005734134326,0.5634613141334056,0.0
2018-03-29,0.0,0.0,0.6888005734134326,0.5634613141334056,0.0
2018-03-30,0.6076768715287417,0.4122538966345958,0.6515469767663482,0.556528846609688,0.0
2018-04-03,0.0,0.0,0.6888005734134326,0.5634613141334056,0.0
2018-04-12,0.0,0.0,0.6888005734134326,0.5634613141334056,0.0
2018-04-13,0.0,0.0,0.6888005734134326,0.5634613141334056,0.0
2018-04-17,0.0,0.0,0.6888005734134326,0.5634613141334056,0.0
2018-04-18,0.0,0.0,0.676828915101079,0.5605181713264836,0.0
2018-04-19,0.23637776457438262,0.20679520992800704,0.6873986489885201,0.5626937182224124,0.0
2018-04-21,0.0,0.0,0.6888005734134326,0.5634613141334056,0.0
2018-04-23,0.38495916494655485,0.2904697467699142,0.6850836912969523,0.562339773610264,0.0
2018-05-03,0.17306602155421966,0.14040885421165203,0.6888005734134326,0.5634613141334056,0.6147881529512643
2018-05-06,0.0,0.0,0.6888005734134326,0.5634613141334056,0.0
2018-05-08,0.225455031614853,0.1385237440989545,0.6899543472612941,0.5636154848349113,0.0
2018-05-22,0.0,0.0,0.6888005734134326,0.5634613141334056,0.0
2018-05-23,0.2892247543574089,0.23881157683508147,0.6919120906110513,0.5648188008059055,0.0
2018-05-24,0.4635765347353093,0.3762908798089239,0.6732447037951498,0.5572517526285823,0.0
2018-05-25,0.3137384517854012,0.19312269943902519,0.6920309288907899,0.5638978029771207,0.0
2018-05-26,0.5157996712773009,0.4273525462411549,0.6888005734134326,0.5634613141334056,0.0
2018-06-10,0.29671550819769066,0.14885345025235527,0.6922446836433487,0.5636668469654047,0.0
2018-06-12,0.0,0.0,0.6888005734134326,0.5634613141334056,0.0
2018-06-13,0.22195854572539703,0.15080237142913178,0.6888662842384661,0.5634823448633796,0.5169731539571706
2018-06-20,0.1833599350707766,0.13365562611197568,0.6872773911297242,0.5630598769637334,0.0
2018-06-24,0.0,0.0,0.6888005734134326,0.5634613141334056,0.0
2018-06-30,0.5995182847914378,0.28127844452265977,0.6888005734134326,0.5634613141334056,0.0
2018-07-16,0.0,0.0,0.6888005734134326,0.5634613141334056,0.0
2018-07-17,0.12808318659416917,0.0979510788077207,0.688969193405915,0.5635152882733606,0.0
2018-07-19,0.18113697959343783,0.11648411984033372,0.6902418882060836,0.5636925227663161,0.0
2018-07-30,0.18931445627242288,0.1326886214555636,0.6890031214262742,0.5634920707796517,0.5169731539571706
2018-08-01,0.5770539629431772,0.35944184500174237,0.7338300461457917,0.5703267555804021,0.0
2018-08-02,0.0,0.0,0.6888005734134326,0.5634613141334056,0.0
2018-08-11,0.18654999955656865,0.12891086935950283,0.6888005734134326,0.5634613141334056,0.0
2018-08-13,0.0,0.0,0.6888005734134326,0.5634613141334056,0.0
2018-08-20,0.0,0.0,0.6888005734134326,0.5634613141334056,0.0
2018-08-23,0.2761248936997198,0.25888934639320993,0.6883664095838719,0.5631474428632086,0.0
2018-09-09,0.0,0.0,0.6888005734134326,0.5634613141334056,0.0
2018-09-10,0.17130877853067333,0.08620789409024962,0.6888005734134326,0.5634613141334056,0.0
2018-09-14,0.0,0.0,0.6888005734134326,0.5634613141334056,0.0
2018-09-18,0.0,0.0,0.6888005734134326,0.5634613141334056,0.0
2019-02-25,0.0,0.0,0.6888005734134326,0.5634613141334056,0.0
2019-04-02,0.0,0.0,0.6888005734134326,0.5634613141334056,0.5169731539571706
2019-04-03,0.0,0.0,0.6888005734134326,0.5634613141334056,0.0
2019-04-07,0.0,0.0,0.6888005734134326,0.5634613141334056,0.0
2019-04-09,0.23637776457438262,0.17618191324963153,0.6915790172666543,0.5642667433981419,0.5169731539571706
2019-04-12,0.0,0.0,0.6888005734134326,0.5634613141334056,0.0
2019-04-18,0.0,0.0,0.6888005734134326,0.5634613141334056,0.0
2019-04-23,0.0,0.0,0.6888005734134326,0.5634613141334056,0.0
2019-04-28,0.0,0.0,0.6888005734134326,0.5634613141334056,0.0
2019-05-09,0.13763434108623837,0.10525528407645482,0.6889210288984093,0.5634998686730791,0.0
2019-05-14,0.14174734682136964,0.13397576164122313,0.6887403219653171,0.5634163238321033,0.0
2019-05-21,0.0,0.0,0.6888005734134326,0.5634613141334056,0.0
2019-06-14,0.17428917907610422,0.12043832563956469,0.6890070298624192,0.5635053758184906,0.0
2019-06-26,0.24907270266275755,0.12855128184231232,0.6871924724251477,0.5633854671095325,0.5169731539571706
2019-07-12,0.0,0.0,0.6888005734134326,0.5634613141334056,0.0
2019-07-29,0.5162892775914256,0.4211855014108357,0.6765493544434305,0.5584517008419144,0.0
